seed,p,n,k_star,p_edge,noise_scale,mu_scale,q_source,mu,mu_relative,K,K_multiplier,support,k_actual,S_recall,S_precision,C_inclusion,causal_precision,correlate_inclusion,fit_seconds
13,30,300,5,0.2,1.0,314.5963029770208,oracle,0.0,0.0,5,1.0,"[6, 17, 24, 26]",4,0.8,1.0,0.0,1.0,0.0,0.6942052841186523
13,30,300,5,0.2,1.0,314.5963029770208,oracle,3.145963029770208,0.01,5,1.0,"[6, 17, 24, 26]",4,0.8,1.0,0.0,1.0,0.0,0.5883841514587402
13,30,300,5,0.2,1.0,314.5963029770208,oracle,4.78158407550793,0.01519911082952934,5,1.0,"[6, 17, 24, 26]",4,0.8,1.0,0.0,1.0,0.0,0.5795559883117676
13,30,300,5,0.2,1.0,314.5963029770208,oracle,7.267582630435761,0.023101297000831605,5,1.0,"[10, 17, 18, 24, 26]",5,0.8,0.8,0.2,1.0,0.0,0.686251163482666
13,30,300,5,0.2,1.0,314.5963029770208,oracle,11.046079386275544,0.03511191734215131,5,1.0,"[10, 17, 18, 24, 26]",5,0.8,0.8,0.2,1.0,0.0,0.7150509357452393
13,30,300,5,0.2,1.0,314.5963029770208,oracle,16.78905848237814,0.0533669923120631,5,1.0,"[10, 17, 18, 24, 26]",5,0.8,0.8,0.2,1.0,0.0,0.707772970199585
13,30,300,5,0.2,1.0,314.5963029770208,oracle,25.517876059711504,0.08111308307896872,5,1.0,"[10, 17, 18, 24, 26]",5,0.8,0.8,0.2,1.0,0.0,0.627587080001831
13,30,300,5,0.2,1.0,314.5963029770208,oracle,38.784902636574834,0.12328467394420659,5,1.0,"[10, 17, 18, 24, 26]",5,0.8,0.8,0.2,1.0,0.0,0.7354953289031982
13,30,300,5,0.2,1.0,314.5963029770208,oracle,58.94960336858057,0.1873817422860384,5,1.0,"[10, 17, 18, 24, 26]",5,0.8,0.8,0.2,1.0,0.0,0.749370813369751
13,30,300,5,0.2,1.0,314.5963029770208,oracle,89.59815549558522,0.2848035868435802,5,1.0,"[10, 17, 18, 24, 26]",5,0.8,0.8,0.2,1.0,0.0,0.7857139110565186
13,30,300,5,0.2,1.0,314.5963029770208,oracle,136.1812295498803,0.43287612810830595,5,1.0,"[10, 17, 18, 24, 26]",5,0.8,0.8,0.2,1.0,0.0,0.7385091781616211
13,30,300,5,0.2,1.0,314.5963029770208,oracle,206.9833600830206,0.6579332246575682,5,1.0,"[10, 17, 18, 24, 26]",5,0.8,0.8,0.2,1.0,0.0,0.7709610462188721
13,30,300,5,0.2,1.0,314.5963029770208,oracle,314.5963029770208,1.0,5,1.0,"[10, 17, 18, 24, 26]",5,0.8,0.8,0.2,1.0,0.0,0.8094947338104248
13,30,300,5,0.2,1.0,314.5963029770208,oracle,677.7771884894744,2.154434690031884,5,1.0,"[10, 17, 18, 24, 26]",5,0.8,0.8,0.2,1.0,0.0,0.7735600471496582
13,30,300,5,0.2,1.0,314.5963029770208,oracle,1460.2266869940022,4.641588833612778,5,1.0,"[10, 17, 18, 24, 26]",5,0.8,0.8,0.2,1.0,0.0,0.7843267917633057
13,30,300,5,0.2,1.0,314.5963029770208,oracle,3145.963029770208,10.0,5,1.0,"[10, 17, 18, 24, 26]",5,0.8,0.8,0.2,1.0,0.0,0.7463119029998779
13,30,300,5,0.2,1.0,314.5963029770208,uniform,0.0,0.0,5,1.0,"[6, 17, 24, 26]",4,0.8,1.0,0.0,1.0,0.0,0.947120189666748
13,30,300,5,0.2,1.0,314.5963029770208,uniform,3.145963029770208,0.01,5,1.0,"[6, 17, 24, 26]",4,0.8,1.0,0.0,1.0,0.0,0.8739259243011475
13,30,300,5,0.2,1.0,314.5963029770208,uniform,4.78158407550793,0.01519911082952934,5,1.0,"[6, 17, 24, 26]",4,0.8,1.0,0.0,1.0,0.0,0.8783819675445557
13,30,300,5,0.2,1.0,314.5963029770208,uniform,7.267582630435761,0.023101297000831605,5,1.0,"[6, 17, 24, 26]",4,0.8,1.0,0.0,1.0,0.0,0.8901698589324951
13,30,300,5,0.2,1.0,314.5963029770208,uniform,11.046079386275544,0.03511191734215131,5,1.0,"[6, 17, 24, 26]",4,0.8,1.0,0.0,1.0,0.0,0.9382450580596924
13,30,300,5,0.2,1.0,314.5963029770208,uniform,16.78905848237814,0.0533669923120631,5,1.0,"[6, 17, 24, 26]",4,0.8,1.0,0.0,1.0,0.0,0.9050261974334717
13,30,300,5,0.2,1.0,314.5963029770208,uniform,25.517876059711504,0.08111308307896872,5,1.0,"[6, 17, 24, 26]",4,0.8,1.0,0.0,1.0,0.0,0.9434611797332764
13,30,300,5,0.2,1.0,314.5963029770208,uniform,38.784902636574834,0.12328467394420659,5,1.0,"[6, 17, 24, 26]",4,0.8,1.0,0.0,1.0,0.0,0.9089949131011963
13,30,300,5,0.2,1.0,314.5963029770208,uniform,58.94960336858057,0.1873817422860384,5,1.0,"[6, 17, 24, 26]",4,0.8,1.0,0.0,1.0,0.0,0.9355010986328125
13,30,300,5,0.2,1.0,314.5963029770208,uniform,89.59815549558522,0.2848035868435802,5,1.0,"[6, 17, 24, 26]",4,0.8,1.0,0.0,1.0,0.0,0.937349796295166
13,30,300,5,0.2,1.0,314.5963029770208,uniform,136.1812295498803,0.43287612810830595,5,1.0,"[6, 17, 24, 26]",4,0.8,1.0,0.0,1.0,0.0,0.9596121311187744
13,30,300,5,0.2,1.0,314.5963029770208,uniform,206.9833600830206,0.6579332246575682,5,1.0,"[6, 17, 24, 26]",4,0.8,1.0,0.0,1.0,0.0,0.9531161785125732
13,30,300,5,0.2,1.0,314.5963029770208,uniform,314.5963029770208,1.0,5,1.0,"[6, 17, 24, 26]",4,0.8,1.0,0.0,1.0,0.0,0.9187221527099609
13,30,300,5,0.2,1.0,314.5963029770208,uniform,677.7771884894744,2.154434690031884,5,1.0,"[6, 17, 24, 26]",4,0.8,1.0,0.0,1.0,0.0,0.9386022090911865
13,30,300,5,0.2,1.0,314.5963029770208,uniform,1460.2266869940022,4.641588833612778,5,1.0,"[6, 17, 24, 26]",4,0.8,1.0,0.0,1.0,0.0,0.9258239269256592
13,30,300,5,0.2,1.0,314.5963029770208,uniform,3145.963029770208,10.0,5,1.0,"[6, 17, 24, 26]",4,0.8,1.0,0.0,1.0,0.0,1.027588129043579
13,30,300,5,0.2,1.0,314.5963029770208,adversarial,0.0,0.0,5,1.0,"[6, 17, 24, 26]",4,0.8,1.0,0.0,1.0,0.0,0.9588067531585693
13,30,300,5,0.2,1.0,314.5963029770208,adversarial,3.145963029770208,0.01,5,1.0,"[4, 9, 11, 22, 27]",5,0.0,0.0,1.0,0.8,0.2,0.9319941997528076
13,30,300,5,0.2,1.0,314.5963029770208,adversarial,4.78158407550793,0.01519911082952934,5,1.0,"[4, 9, 11, 22, 27]",5,0.0,0.0,1.0,0.8,0.2,0.9309229850769043
13,30,300,5,0.2,1.0,314.5963029770208,adversarial,7.267582630435761,0.023101297000831605,5,1.0,"[4, 9, 11, 22, 27]",5,0.0,0.0,1.0,0.8,0.2,0.9757208824157715
13,30,300,5,0.2,1.0,314.5963029770208,adversarial,11.046079386275544,0.03511191734215131,5,1.0,"[4, 9, 11, 22, 27]",5,0.0,0.0,1.0,0.8,0.2,0.959108829498291
13,30,300,5,0.2,1.0,314.5963029770208,adversarial,16.78905848237814,0.0533669923120631,5,1.0,"[4, 9, 11, 22, 27]",5,0.0,0.0,1.0,0.8,0.2,0.9659757614135742
13,30,300,5,0.2,1.0,314.5963029770208,adversarial,25.517876059711504,0.08111308307896872,5,1.0,"[4, 9, 11, 22, 27]",5,0.0,0.0,1.0,0.8,0.2,0.9747650623321533
13,30,300,5,0.2,1.0,314.5963029770208,adversarial,38.784902636574834,0.12328467394420659,5,1.0,"[4, 9, 11, 22, 27]",5,0.0,0.0,1.0,0.8,0.2,0.9548971652984619
13,30,300,5,0.2,1.0,314.5963029770208,adversarial,58.94960336858057,0.1873817422860384,5,1.0,"[4, 9, 11, 22, 27]",5,0.0,0.0,1.0,0.8,0.2,0.92742919921875
13,30,300,5,0.2,1.0,314.5963029770208,adversarial,89.59815549558522,0.2848035868435802,5,1.0,"[4, 9, 11, 22, 27]",5,0.0,0.0,1.0,0.8,0.2,0.9605228900909424
13,30,300,5,0.2,1.0,314.5963029770208,adversarial,136.1812295498803,0.43287612810830595,5,1.0,"[4, 9, 11, 22, 27]",5,0.0,0.0,1.0,0.8,0.2,0.9798662662506104
13,30,300,5,0.2,1.0,314.5963029770208,adversarial,206.9833600830206,0.6579332246575682,5,1.0,"[4, 9, 11, 22, 27]",5,0.0,0.0,1.0,0.8,0.2,0.9364628791809082
13,30,300,5,0.2,1.0,314.5963029770208,adversarial,314.5963029770208,1.0,5,1.0,"[4, 9, 11, 22, 27]",5,0.0,0.0,1.0,0.8,0.2,0.9894328117370605
13,30,300,5,0.2,1.0,314.5963029770208,adversarial,677.7771884894744,2.154434690031884,5,1.0,"[4, 9, 11, 22, 27]",5,0.0,0.0,1.0,0.8,0.2,0.9583308696746826
13,30,300,5,0.2,1.0,314.5963029770208,adversarial,1460.2266869940022,4.641588833612778,5,1.0,"[4, 9, 11, 22, 27]",5,0.0,0.0,1.0,0.8,0.2,0.957007884979248
13,30,300,5,0.2,1.0,314.5963029770208,adversarial,3145.963029770208,10.0,5,1.0,"[4, 9, 11, 22, 27]",5,0.0,0.0,1.0,0.8,0.2,0.9757139682769775
13,30,300,5,0.2,1.0,314.5963029770208,pc,0.0,0.0,5,1.0,"[6, 17, 24, 26]",4,0.8,1.0,0.0,1.0,0.0,1.003000020980835
13,30,300,5,0.2,1.0,314.5963029770208,pc,3.145963029770208,0.01,5,1.0,"[6, 17, 24, 26]",4,0.8,1.0,0.0,1.0,0.0,0.9219090938568115
13,30,300,5,0.2,1.0,314.5963029770208,pc,4.78158407550793,0.01519911082952934,5,1.0,"[6, 17, 24, 26]",4,0.8,1.0,0.0,1.0,0.0,0.9237139225006104
13,30,300,5,0.2,1.0,314.5963029770208,pc,7.267582630435761,0.023101297000831605,5,1.0,"[6, 22, 24, 27]",4,0.4,0.5,0.5,0.75,0.25,0.9212789535522461
13,30,300,5,0.2,1.0,314.5963029770208,pc,11.046079386275544,0.03511191734215131,5,1.0,"[6, 22, 24, 27]",4,0.4,0.5,0.5,0.75,0.25,0.9206349849700928
13,30,300,5,0.2,1.0,314.5963029770208,pc,16.78905848237814,0.0533669923120631,5,1.0,"[6, 22, 24, 27]",4,0.4,0.5,0.5,0.75,0.25,0.9322800636291504
13,30,300,5,0.2,1.0,314.5963029770208,pc,25.517876059711504,0.08111308307896872,5,1.0,"[6, 22, 24, 27]",4,0.4,0.5,0.5,0.75,0.25,0.9667222499847412
13,30,300,5,0.2,1.0,314.5963029770208,pc,38.784902636574834,0.12328467394420659,5,1.0,"[6, 22, 24, 27]",4,0.4,0.5,0.5,0.75,0.25,1.0032413005828857
13,30,300,5,0.2,1.0,314.5963029770208,pc,58.94960336858057,0.1873817422860384,5,1.0,"[6, 22, 24, 27]",4,0.4,0.5,0.5,0.75,0.25,0.9816319942474365
13,30,300,5,0.2,1.0,314.5963029770208,pc,89.59815549558522,0.2848035868435802,5,1.0,"[6, 22, 24, 27]",4,0.4,0.5,0.5,0.75,0.25,0.9867818355560303
13,30,300,5,0.2,1.0,314.5963029770208,pc,136.1812295498803,0.43287612810830595,5,1.0,"[6, 22, 24, 27]",4,0.4,0.5,0.5,0.75,0.25,1.073598861694336
13,30,300,5,0.2,1.0,314.5963029770208,pc,206.9833600830206,0.6579332246575682,5,1.0,"[6, 22, 24, 27]",4,0.4,0.5,0.5,0.75,0.25,1.0233840942382812
13,30,300,5,0.2,1.0,314.5963029770208,pc,314.5963029770208,1.0,5,1.0,"[6, 22, 24, 27]",4,0.4,0.5,0.5,0.75,0.25,1.043262004852295
13,30,300,5,0.2,1.0,314.5963029770208,pc,677.7771884894744,2.154434690031884,5,1.0,"[6, 22, 24, 27]",4,0.4,0.5,0.5,0.75,0.25,1.010045051574707
13,30,300,5,0.2,1.0,314.5963029770208,pc,1460.2266869940022,4.641588833612778,5,1.0,"[6, 22, 24, 27]",4,0.4,0.5,0.5,0.75,0.25,1.0386638641357422
13,30,300,5,0.2,1.0,314.5963029770208,pc,3145.963029770208,10.0,5,1.0,"[6, 22, 24, 27]",4,0.4,0.5,0.5,0.75,0.25,1.0142831802368164
13,30,300,5,0.2,1.0,314.5963029770208,ges,0.0,0.0,5,1.0,"[6, 17, 24, 26]",4,0.8,1.0,0.0,1.0,0.0,1.112372875213623
13,30,300,5,0.2,1.0,314.5963029770208,ges,3.145963029770208,0.01,5,1.0,"[6, 17, 24, 26]",4,0.8,1.0,0.0,1.0,0.0,0.8525378704071045
13,30,300,5,0.2,1.0,314.5963029770208,ges,4.78158407550793,0.01519911082952934,5,1.0,"[6, 17, 24, 26]",4,0.8,1.0,0.0,1.0,0.0,0.8758158683776855
13,30,300,5,0.2,1.0,314.5963029770208,ges,7.267582630435761,0.023101297000831605,5,1.0,"[6, 17, 24, 26]",4,0.8,1.0,0.0,1.0,0.0,0.8663511276245117
13,30,300,5,0.2,1.0,314.5963029770208,ges,11.046079386275544,0.03511191734215131,5,1.0,"[6, 17, 24, 26]",4,0.8,1.0,0.0,1.0,0.0,0.8878211975097656
13,30,300,5,0.2,1.0,314.5963029770208,ges,16.78905848237814,0.0533669923120631,5,1.0,"[6, 17, 24, 26]",4,0.8,1.0,0.0,1.0,0.0,0.8385188579559326
13,30,300,5,0.2,1.0,314.5963029770208,ges,25.517876059711504,0.08111308307896872,5,1.0,"[17, 18, 24, 26]",4,0.6,0.75,0.25,1.0,0.0,1.099106788635254
13,30,300,5,0.2,1.0,314.5963029770208,ges,38.784902636574834,0.12328467394420659,5,1.0,"[10, 17, 18, 24, 26]",5,0.8,0.8,0.2,1.0,0.0,1.0109150409698486
13,30,300,5,0.2,1.0,314.5963029770208,ges,58.94960336858057,0.1873817422860384,5,1.0,"[10, 17, 18, 24, 26]",5,0.8,0.8,0.2,1.0,0.0,1.0024890899658203
13,30,300,5,0.2,1.0,314.5963029770208,ges,89.59815549558522,0.2848035868435802,5,1.0,"[10, 17, 18, 24, 26]",5,0.8,0.8,0.2,1.0,0.0,0.9621539115905762
13,30,300,5,0.2,1.0,314.5963029770208,ges,136.1812295498803,0.43287612810830595,5,1.0,"[10, 17, 18, 24, 26]",5,0.8,0.8,0.2,1.0,0.0,0.9863579273223877
13,30,300,5,0.2,1.0,314.5963029770208,ges,206.9833600830206,0.6579332246575682,5,1.0,"[10, 17, 18, 24, 26]",5,0.8,0.8,0.2,1.0,0.0,0.972891092300415
13,30,300,5,0.2,1.0,314.5963029770208,ges,314.5963029770208,1.0,5,1.0,"[10, 17, 18, 24, 26]",5,0.8,0.8,0.2,1.0,0.0,1.0128860473632812
13,30,300,5,0.2,1.0,314.5963029770208,ges,677.7771884894744,2.154434690031884,5,1.0,"[10, 17, 18, 24, 26]",5,0.8,0.8,0.2,1.0,0.0,1.3051910400390625
13,30,300,5,0.2,1.0,314.5963029770208,ges,1460.2266869940022,4.641588833612778,5,1.0,"[10, 17, 18, 24, 26]",5,0.8,0.8,0.2,1.0,0.0,1.3148369789123535
13,30,300,5,0.2,1.0,314.5963029770208,ges,3145.963029770208,10.0,5,1.0,"[10, 17, 18, 24, 26]",5,0.8,0.8,0.2,1.0,0.0,1.2951369285583496
13,30,300,5,0.2,1.0,314.5963029770208,iamb,0.0,0.0,5,1.0,"[6, 17, 24, 26]",4,0.8,1.0,0.0,1.0,0.0,1.118326187133789
13,30,300,5,0.2,1.0,314.5963029770208,iamb,3.145963029770208,0.01,5,1.0,"[6, 17, 24, 26]",4,0.8,1.0,0.0,1.0,0.0,0.9647822380065918
13,30,300,5,0.2,1.0,314.5963029770208,iamb,4.78158407550793,0.01519911082952934,5,1.0,"[6, 17, 24, 26]",4,0.8,1.0,0.0,1.0,0.0,0.9536519050598145
13,30,300,5,0.2,1.0,314.5963029770208,iamb,7.267582630435761,0.023101297000831605,5,1.0,"[10, 17, 18, 24, 26]",5,0.8,0.8,0.2,1.0,0.0,1.0187697410583496
13,30,300,5,0.2,1.0,314.5963029770208,iamb,11.046079386275544,0.03511191734215131,5,1.0,"[10, 17, 18, 24, 26]",5,0.8,0.8,0.2,1.0,0.0,1.0695180892944336
13,30,300,5,0.2,1.0,314.5963029770208,iamb,16.78905848237814,0.0533669923120631,5,1.0,"[10, 17, 18, 24, 26]",5,0.8,0.8,0.2,1.0,0.0,1.013016939163208
13,30,300,5,0.2,1.0,314.5963029770208,iamb,25.517876059711504,0.08111308307896872,5,1.0,"[10, 17, 18, 24, 26]",5,0.8,0.8,0.2,1.0,0.0,1.0332739353179932
13,30,300,5,0.2,1.0,314.5963029770208,iamb,38.784902636574834,0.12328467394420659,5,1.0,"[10, 17, 18, 24, 26]",5,0.8,0.8,0.2,1.0,0.0,1.0284998416900635
13,30,300,5,0.2,1.0,314.5963029770208,iamb,58.94960336858057,0.1873817422860384,5,1.0,"[10, 17, 18, 24, 26]",5,0.8,0.8,0.2,1.0,0.0,1.0527338981628418
13,30,300,5,0.2,1.0,314.5963029770208,iamb,89.59815549558522,0.2848035868435802,5,1.0,"[10, 17, 18, 24, 26]",5,0.8,0.8,0.2,1.0,0.0,1.0199902057647705
13,30,300,5,0.2,1.0,314.5963029770208,iamb,136.1812295498803,0.43287612810830595,5,1.0,"[10, 17, 18, 24, 26]",5,0.8,0.8,0.2,1.0,0.0,1.0280170440673828
13,30,300,5,0.2,1.0,314.5963029770208,iamb,206.9833600830206,0.6579332246575682,5,1.0,"[10, 17, 18, 24, 26]",5,0.8,0.8,0.2,1.0,0.0,1.0321910381317139
13,30,300,5,0.2,1.0,314.5963029770208,iamb,314.5963029770208,1.0,5,1.0,"[10, 17, 18, 24, 26]",5,0.8,0.8,0.2,1.0,0.0,1.048799991607666
13,30,300,5,0.2,1.0,314.5963029770208,iamb,677.7771884894744,2.154434690031884,5,1.0,"[10, 17, 18, 24, 26]",5,0.8,0.8,0.2,1.0,0.0,0.999783992767334
13,30,300,5,0.2,1.0,314.5963029770208,iamb,1460.2266869940022,4.641588833612778,5,1.0,"[10, 17, 18, 24, 26]",5,0.8,0.8,0.2,1.0,0.0,1.0175812244415283
13,30,300,5,0.2,1.0,314.5963029770208,iamb,3145.963029770208,10.0,5,1.0,"[10, 17, 18, 24, 26]",5,0.8,0.8,0.2,1.0,0.0,1.01131272315979
13,30,300,5,0.2,1.0,314.5963029770208,bootstrap_l1,0.0,0.0,5,1.0,"[6, 17, 24, 26]",4,0.8,1.0,0.0,1.0,0.0,1.2415461540222168
13,30,300,5,0.2,1.0,314.5963029770208,bootstrap_l1,3.145963029770208,0.01,5,1.0,"[6, 13, 22, 24]",4,0.4,0.5,0.5,0.75,0.25,1.0310578346252441
13,30,300,5,0.2,1.0,314.5963029770208,bootstrap_l1,4.78158407550793,0.01519911082952934,5,1.0,"[6, 13, 22, 24]",4,0.4,0.5,0.5,0.75,0.25,1.022845983505249
13,30,300,5,0.2,1.0,314.5963029770208,bootstrap_l1,7.267582630435761,0.023101297000831605,5,1.0,"[6, 13, 22, 24]",4,0.4,0.5,0.5,0.75,0.25,0.9800488948822021
13,30,300,5,0.2,1.0,314.5963029770208,bootstrap_l1,11.046079386275544,0.03511191734215131,5,1.0,"[6, 13, 22, 24]",4,0.4,0.5,0.5,0.75,0.25,0.95694899559021
13,30,300,5,0.2,1.0,314.5963029770208,bootstrap_l1,16.78905848237814,0.0533669923120631,5,1.0,"[6, 13, 22, 24]",4,0.4,0.5,0.5,0.75,0.25,0.9283709526062012
13,30,300,5,0.2,1.0,314.5963029770208,bootstrap_l1,25.517876059711504,0.08111308307896872,5,1.0,"[6, 13, 22, 24]",4,0.4,0.5,0.5,0.75,0.25,0.8939032554626465
13,30,300,5,0.2,1.0,314.5963029770208,bootstrap_l1,38.784902636574834,0.12328467394420659,5,1.0,"[6, 13, 22, 24]",4,0.4,0.5,0.5,0.75,0.25,0.9055991172790527
13,30,300,5,0.2,1.0,314.5963029770208,bootstrap_l1,58.94960336858057,0.1873817422860384,5,1.0,"[6, 13, 22, 24]",4,0.4,0.5,0.5,0.75,0.25,0.9208869934082031
13,30,300,5,0.2,1.0,314.5963029770208,bootstrap_l1,89.59815549558522,0.2848035868435802,5,1.0,"[6, 13, 22, 24]",4,0.4,0.5,0.5,0.75,0.25,0.9274301528930664
13,30,300,5,0.2,1.0,314.5963029770208,bootstrap_l1,136.1812295498803,0.43287612810830595,5,1.0,"[6, 13, 22, 24]",4,0.4,0.5,0.5,0.75,0.25,0.9398210048675537
13,30,300,5,0.2,1.0,314.5963029770208,bootstrap_l1,206.9833600830206,0.6579332246575682,5,1.0,"[6, 13, 22, 24]",4,0.4,0.5,0.5,0.75,0.25,0.9238650798797607
13,30,300,5,0.2,1.0,314.5963029770208,bootstrap_l1,314.5963029770208,1.0,5,1.0,"[6, 13, 22, 24]",4,0.4,0.5,0.5,0.75,0.25,0.9744389057159424
13,30,300,5,0.2,1.0,314.5963029770208,bootstrap_l1,677.7771884894744,2.154434690031884,5,1.0,"[6, 13, 22, 24]",4,0.4,0.5,0.5,0.75,0.25,0.9484710693359375
13,30,300,5,0.2,1.0,314.5963029770208,bootstrap_l1,1460.2266869940022,4.641588833612778,5,1.0,"[6, 13, 22, 24]",4,0.4,0.5,0.5,0.75,0.25,0.9648919105529785
13,30,300,5,0.2,1.0,314.5963029770208,bootstrap_l1,3145.963029770208,10.0,5,1.0,"[6, 13, 22, 24]",4,0.4,0.5,0.5,0.75,0.25,0.9201250076293945
13,30,300,5,0.2,1.0,314.5963029770208,oracle,0.0,0.0,8,1.5,"[6, 10, 17, 24, 26, 27]",6,1.0,0.8333333333333334,0.16666666666666666,1.0,0.0,2.382467031478882
13,30,300,5,0.2,1.0,314.5963029770208,oracle,3.145963029770208,0.01,8,1.5,"[6, 10, 17, 24, 26]",5,1.0,1.0,0.0,1.0,0.0,2.147531032562256
13,30,300,5,0.2,1.0,314.5963029770208,oracle,4.78158407550793,0.01519911082952934,8,1.5,"[6, 10, 17, 24, 26]",5,1.0,1.0,0.0,1.0,0.0,2.4137260913848877
13,30,300,5,0.2,1.0,314.5963029770208,oracle,7.267582630435761,0.023101297000831605,8,1.5,"[6, 10, 17, 24, 26]",5,1.0,1.0,0.0,1.0,0.0,2.3071138858795166
13,30,300,5,0.2,1.0,314.5963029770208,oracle,11.046079386275544,0.03511191734215131,8,1.5,"[6, 10, 17, 24, 26]",5,1.0,1.0,0.0,1.0,0.0,2.338963031768799
13,30,300,5,0.2,1.0,314.5963029770208,oracle,16.78905848237814,0.0533669923120631,8,1.5,"[6, 10, 17, 24, 26]",5,1.0,1.0,0.0,1.0,0.0,2.484611988067627
13,30,300,5,0.2,1.0,314.5963029770208,oracle,25.517876059711504,0.08111308307896872,8,1.5,"[6, 10, 17, 24, 26]",5,1.0,1.0,0.0,1.0,0.0,2.3069369792938232
13,30,300,5,0.2,1.0,314.5963029770208,oracle,38.784902636574834,0.12328467394420659,8,1.5,"[6, 10, 17, 24, 26]",5,1.0,1.0,0.0,1.0,0.0,2.375969886779785
13,30,300,5,0.2,1.0,314.5963029770208,oracle,58.94960336858057,0.1873817422860384,8,1.5,"[6, 10, 17, 24, 26]",5,1.0,1.0,0.0,1.0,0.0,2.4763519763946533
13,30,300,5,0.2,1.0,314.5963029770208,oracle,89.59815549558522,0.2848035868435802,8,1.5,"[6, 10, 17, 24, 26]",5,1.0,1.0,0.0,1.0,0.0,2.344472885131836
13,30,300,5,0.2,1.0,314.5963029770208,oracle,136.1812295498803,0.43287612810830595,8,1.5,"[6, 10, 17, 24, 26]",5,1.0,1.0,0.0,1.0,0.0,2.3980069160461426
13,30,300,5,0.2,1.0,314.5963029770208,oracle,206.9833600830206,0.6579332246575682,8,1.5,"[6, 10, 17, 24, 26]",5,1.0,1.0,0.0,1.0,0.0,2.3561599254608154
13,30,300,5,0.2,1.0,314.5963029770208,oracle,314.5963029770208,1.0,8,1.5,"[6, 10, 17, 24, 26]",5,1.0,1.0,0.0,1.0,0.0,2.389836072921753
13,30,300,5,0.2,1.0,314.5963029770208,oracle,677.7771884894744,2.154434690031884,8,1.5,"[6, 10, 17, 24, 26]",5,1.0,1.0,0.0,1.0,0.0,2.7143709659576416
13,30,300,5,0.2,1.0,314.5963029770208,oracle,1460.2266869940022,4.641588833612778,8,1.5,"[6, 10, 17, 24, 26]",5,1.0,1.0,0.0,1.0,0.0,2.5176010131835938
13,30,300,5,0.2,1.0,314.5963029770208,oracle,3145.963029770208,10.0,8,1.5,"[6, 10, 17, 24, 26]",5,1.0,1.0,0.0,1.0,0.0,2.7431371212005615
13,30,300,5,0.2,1.0,314.5963029770208,uniform,0.0,0.0,8,1.5,"[6, 10, 17, 24, 26, 27]",6,1.0,0.8333333333333334,0.16666666666666666,1.0,0.0,2.6572089195251465
13,30,300,5,0.2,1.0,314.5963029770208,uniform,3.145963029770208,0.01,8,1.5,"[6, 10, 17, 24, 26, 27]",6,1.0,0.8333333333333334,0.16666666666666666,1.0,0.0,2.5133888721466064
13,30,300,5,0.2,1.0,314.5963029770208,uniform,4.78158407550793,0.01519911082952934,8,1.5,"[6, 10, 17, 24, 26, 27]",6,1.0,0.8333333333333334,0.16666666666666666,1.0,0.0,2.580965280532837
13,30,300,5,0.2,1.0,314.5963029770208,uniform,7.267582630435761,0.023101297000831605,8,1.5,"[6, 10, 17, 24, 26, 27]",6,1.0,0.8333333333333334,0.16666666666666666,1.0,0.0,2.749788999557495
13,30,300,5,0.2,1.0,314.5963029770208,uniform,11.046079386275544,0.03511191734215131,8,1.5,"[6, 10, 17, 24, 26, 27]",6,1.0,0.8333333333333334,0.16666666666666666,1.0,0.0,2.7628049850463867
13,30,300,5,0.2,1.0,314.5963029770208,uniform,16.78905848237814,0.0533669923120631,8,1.5,"[6, 10, 17, 24, 26, 27]",6,1.0,0.8333333333333334,0.16666666666666666,1.0,0.0,2.622730016708374
13,30,300,5,0.2,1.0,314.5963029770208,uniform,25.517876059711504,0.08111308307896872,8,1.5,"[6, 10, 17, 24, 26, 27]",6,1.0,0.8333333333333334,0.16666666666666666,1.0,0.0,2.8066020011901855
13,30,300,5,0.2,1.0,314.5963029770208,uniform,38.784902636574834,0.12328467394420659,8,1.5,"[6, 10, 17, 24, 26, 27]",6,1.0,0.8333333333333334,0.16666666666666666,1.0,0.0,2.6864702701568604
13,30,300,5,0.2,1.0,314.5963029770208,uniform,58.94960336858057,0.1873817422860384,8,1.5,"[6, 10, 17, 24, 26, 27]",6,1.0,0.8333333333333334,0.16666666666666666,1.0,0.0,2.6157422065734863
13,30,300,5,0.2,1.0,314.5963029770208,uniform,89.59815549558522,0.2848035868435802,8,1.5,"[6, 10, 17, 24, 26, 27]",6,1.0,0.8333333333333334,0.16666666666666666,1.0,0.0,2.6024770736694336
13,30,300,5,0.2,1.0,314.5963029770208,uniform,136.1812295498803,0.43287612810830595,8,1.5,"[6, 10, 17, 24, 26, 27]",6,1.0,0.8333333333333334,0.16666666666666666,1.0,0.0,2.5602760314941406
13,30,300,5,0.2,1.0,314.5963029770208,uniform,206.9833600830206,0.6579332246575682,8,1.5,"[6, 10, 17, 24, 26, 27]",6,1.0,0.8333333333333334,0.16666666666666666,1.0,0.0,2.568660020828247
13,30,300,5,0.2,1.0,314.5963029770208,uniform,314.5963029770208,1.0,8,1.5,"[6, 10, 17, 24, 26, 27]",6,1.0,0.8333333333333334,0.16666666666666666,1.0,0.0,2.755614757537842
13,30,300,5,0.2,1.0,314.5963029770208,uniform,677.7771884894744,2.154434690031884,8,1.5,"[6, 10, 17, 24, 26, 27]",6,1.0,0.8333333333333334,0.16666666666666666,1.0,0.0,2.7836198806762695
13,30,300,5,0.2,1.0,314.5963029770208,uniform,1460.2266869940022,4.641588833612778,8,1.5,"[6, 10, 17, 24, 26, 27]",6,1.0,0.8333333333333334,0.16666666666666666,1.0,0.0,2.869694948196411
13,30,300,5,0.2,1.0,314.5963029770208,uniform,3145.963029770208,10.0,8,1.5,"[6, 10, 17, 24, 26, 27]",6,1.0,0.8333333333333334,0.16666666666666666,1.0,0.0,2.749894857406616
13,30,300,5,0.2,1.0,314.5963029770208,adversarial,0.0,0.0,8,1.5,"[6, 10, 17, 24, 26, 27]",6,1.0,0.8333333333333334,0.16666666666666666,1.0,0.0,2.829143762588501
13,30,300,5,0.2,1.0,314.5963029770208,adversarial,3.145963029770208,0.01,8,1.5,"[4, 11, 13, 14, 22, 24, 27, 29]",8,0.2,0.125,0.875,0.75,0.25,2.7627739906311035
13,30,300,5,0.2,1.0,314.5963029770208,adversarial,4.78158407550793,0.01519911082952934,8,1.5,"[4, 11, 13, 14, 22, 24, 27, 29]",8,0.2,0.125,0.875,0.75,0.25,3.0149600505828857
13,30,300,5,0.2,1.0,314.5963029770208,adversarial,7.267582630435761,0.023101297000831605,8,1.5,"[4, 11, 13, 14, 22, 24, 27, 29]",8,0.2,0.125,0.875,0.75,0.25,3.182966947555542
13,30,300,5,0.2,1.0,314.5963029770208,adversarial,11.046079386275544,0.03511191734215131,8,1.5,"[4, 11, 13, 14, 22, 24, 27, 29]",8,0.2,0.125,0.875,0.75,0.25,3.150534152984619
13,30,300,5,0.2,1.0,314.5963029770208,adversarial,16.78905848237814,0.0533669923120631,8,1.5,"[4, 11, 13, 14, 22, 24, 27, 29]",8,0.2,0.125,0.875,0.75,0.25,3.0531232357025146
13,30,300,5,0.2,1.0,314.5963029770208,adversarial,25.517876059711504,0.08111308307896872,8,1.5,"[4, 11, 13, 14, 22, 24, 27, 29]",8,0.2,0.125,0.875,0.75,0.25,2.9013798236846924
13,30,300,5,0.2,1.0,314.5963029770208,adversarial,38.784902636574834,0.12328467394420659,8,1.5,"[4, 11, 13, 14, 22, 24, 27, 29]",8,0.2,0.125,0.875,0.75,0.25,2.8546230792999268
13,30,300,5,0.2,1.0,314.5963029770208,adversarial,58.94960336858057,0.1873817422860384,8,1.5,"[4, 11, 13, 14, 22, 24, 27, 29]",8,0.2,0.125,0.875,0.75,0.25,2.925597906112671
13,30,300,5,0.2,1.0,314.5963029770208,adversarial,89.59815549558522,0.2848035868435802,8,1.5,"[4, 11, 13, 14, 22, 24, 27, 29]",8,0.2,0.125,0.875,0.75,0.25,2.914364814758301
13,30,300,5,0.2,1.0,314.5963029770208,adversarial,136.1812295498803,0.43287612810830595,8,1.5,"[4, 11, 13, 14, 22, 24, 27, 29]",8,0.2,0.125,0.875,0.75,0.25,3.068005084991455
13,30,300,5,0.2,1.0,314.5963029770208,adversarial,206.9833600830206,0.6579332246575682,8,1.5,"[4, 11, 13, 14, 22, 24, 27, 29]",8,0.2,0.125,0.875,0.75,0.25,3.0729217529296875
13,30,300,5,0.2,1.0,314.5963029770208,adversarial,314.5963029770208,1.0,8,1.5,"[4, 11, 13, 14, 22, 24, 27, 29]",8,0.2,0.125,0.875,0.75,0.25,3.1286730766296387
13,30,300,5,0.2,1.0,314.5963029770208,adversarial,677.7771884894744,2.154434690031884,8,1.5,"[4, 11, 13, 14, 22, 24, 27, 29]",8,0.2,0.125,0.875,0.75,0.25,3.105013132095337
13,30,300,5,0.2,1.0,314.5963029770208,adversarial,1460.2266869940022,4.641588833612778,8,1.5,"[4, 11, 13, 14, 22, 24, 27, 29]",8,0.2,0.125,0.875,0.75,0.25,3.0541999340057373
13,30,300,5,0.2,1.0,314.5963029770208,adversarial,3145.963029770208,10.0,8,1.5,"[4, 11, 13, 14, 22, 24, 27, 29]",8,0.2,0.125,0.875,0.75,0.25,3.386821985244751
13,30,300,5,0.2,1.0,314.5963029770208,pc,0.0,0.0,8,1.5,"[6, 10, 17, 24, 26, 27]",6,1.0,0.8333333333333334,0.16666666666666666,1.0,0.0,3.017859935760498
13,30,300,5,0.2,1.0,314.5963029770208,pc,3.145963029770208,0.01,8,1.5,"[6, 10, 17, 24, 26, 27]",6,1.0,0.8333333333333334,0.16666666666666666,1.0,0.0,2.8742940425872803
13,30,300,5,0.2,1.0,314.5963029770208,pc,4.78158407550793,0.01519911082952934,8,1.5,"[6, 10, 17, 24, 26, 27]",6,1.0,0.8333333333333334,0.16666666666666666,1.0,0.0,2.96645188331604
13,30,300,5,0.2,1.0,314.5963029770208,pc,7.267582630435761,0.023101297000831605,8,1.5,"[6, 10, 17, 24, 26, 27]",6,1.0,0.8333333333333334,0.16666666666666666,1.0,0.0,3.075090169906616
13,30,300,5,0.2,1.0,314.5963029770208,pc,11.046079386275544,0.03511191734215131,8,1.5,"[6, 10, 17, 24, 26, 27]",6,1.0,0.8333333333333334,0.16666666666666666,1.0,0.0,3.2758913040161133
13,30,300,5,0.2,1.0,314.5963029770208,pc,16.78905848237814,0.0533669923120631,8,1.5,"[6, 10, 17, 24, 26, 27]",6,1.0,0.8333333333333334,0.16666666666666666,1.0,0.0,3.224452018737793
13,30,300,5,0.2,1.0,314.5963029770208,pc,25.517876059711504,0.08111308307896872,8,1.5,"[6, 10, 17, 24, 26, 27]",6,1.0,0.8333333333333334,0.16666666666666666,1.0,0.0,3.337350845336914
13,30,300,5,0.2,1.0,314.5963029770208,pc,38.784902636574834,0.12328467394420659,8,1.5,"[0, 3, 6, 11, 22, 24, 27]",7,0.4,0.2857142857142857,0.7142857142857143,0.8571428571428571,0.14285714285714285,3.5340590476989746
13,30,300,5,0.2,1.0,314.5963029770208,pc,58.94960336858057,0.1873817422860384,8,1.5,"[0, 3, 6, 11, 22, 24, 27]",7,0.4,0.2857142857142857,0.7142857142857143,0.8571428571428571,0.14285714285714285,3.738694190979004
13,30,300,5,0.2,1.0,314.5963029770208,pc,89.59815549558522,0.2848035868435802,8,1.5,"[0, 3, 6, 11, 22, 24, 27]",7,0.4,0.2857142857142857,0.7142857142857143,0.8571428571428571,0.14285714285714285,3.5015740394592285
13,30,300,5,0.2,1.0,314.5963029770208,pc,136.1812295498803,0.43287612810830595,8,1.5,"[0, 3, 6, 11, 22, 24, 27]",7,0.4,0.2857142857142857,0.7142857142857143,0.8571428571428571,0.14285714285714285,3.4651148319244385
13,30,300,5,0.2,1.0,314.5963029770208,pc,206.9833600830206,0.6579332246575682,8,1.5,"[0, 3, 6, 11, 22, 24, 27]",7,0.4,0.2857142857142857,0.7142857142857143,0.8571428571428571,0.14285714285714285,3.38283109664917
13,30,300,5,0.2,1.0,314.5963029770208,pc,314.5963029770208,1.0,8,1.5,"[0, 3, 6, 11, 22, 24, 27]",7,0.4,0.2857142857142857,0.7142857142857143,0.8571428571428571,0.14285714285714285,3.3921961784362793
13,30,300,5,0.2,1.0,314.5963029770208,pc,677.7771884894744,2.154434690031884,8,1.5,"[0, 3, 6, 11, 22, 24, 27]",7,0.4,0.2857142857142857,0.7142857142857143,0.8571428571428571,0.14285714285714285,3.420001983642578
13,30,300,5,0.2,1.0,314.5963029770208,pc,1460.2266869940022,4.641588833612778,8,1.5,"[0, 3, 6, 11, 22, 24, 27]",7,0.4,0.2857142857142857,0.7142857142857143,0.8571428571428571,0.14285714285714285,3.511201858520508
13,30,300,5,0.2,1.0,314.5963029770208,pc,3145.963029770208,10.0,8,1.5,"[0, 3, 6, 11, 22, 24, 27]",7,0.4,0.2857142857142857,0.7142857142857143,0.8571428571428571,0.14285714285714285,3.3565239906311035
13,30,300,5,0.2,1.0,314.5963029770208,ges,0.0,0.0,8,1.5,"[6, 10, 17, 24, 26, 27]",6,1.0,0.8333333333333334,0.16666666666666666,1.0,0.0,3.5200681686401367
13,30,300,5,0.2,1.0,314.5963029770208,ges,3.145963029770208,0.01,8,1.5,"[6, 10, 17, 24, 26]",5,1.0,1.0,0.0,1.0,0.0,2.918689727783203
13,30,300,5,0.2,1.0,314.5963029770208,ges,4.78158407550793,0.01519911082952934,8,1.5,"[6, 10, 17, 24, 26]",5,1.0,1.0,0.0,1.0,0.0,2.945388078689575
13,30,300,5,0.2,1.0,314.5963029770208,ges,7.267582630435761,0.023101297000831605,8,1.5,"[6, 10, 17, 18, 24, 26]",6,1.0,0.8333333333333334,0.16666666666666666,1.0,0.0,3.8410210609436035
13,30,300,5,0.2,1.0,314.5963029770208,ges,11.046079386275544,0.03511191734215131,8,1.5,"[6, 10, 17, 18, 24, 26]",6,1.0,0.8333333333333334,0.16666666666666666,1.0,0.0,3.9790728092193604
13,30,300,5,0.2,1.0,314.5963029770208,ges,16.78905848237814,0.0533669923120631,8,1.5,"[6, 10, 17, 18, 24, 26]",6,1.0,0.8333333333333334,0.16666666666666666,1.0,0.0,4.077218055725098
13,30,300,5,0.2,1.0,314.5963029770208,ges,25.517876059711504,0.08111308307896872,8,1.5,"[6, 10, 17, 18, 24, 26]",6,1.0,0.8333333333333334,0.16666666666666666,1.0,0.0,3.8386788368225098
13,30,300,5,0.2,1.0,314.5963029770208,ges,38.784902636574834,0.12328467394420659,8,1.5,"[6, 10, 17, 18, 24, 26]",6,1.0,0.8333333333333334,0.16666666666666666,1.0,0.0,3.971696138381958
13,30,300,5,0.2,1.0,314.5963029770208,ges,58.94960336858057,0.1873817422860384,8,1.5,"[6, 10, 17, 18, 24, 26]",6,1.0,0.8333333333333334,0.16666666666666666,1.0,0.0,3.943598747253418
13,30,300,5,0.2,1.0,314.5963029770208,ges,89.59815549558522,0.2848035868435802,8,1.5,"[6, 10, 17, 18, 24, 26]",6,1.0,0.8333333333333334,0.16666666666666666,1.0,0.0,3.961085081100464
13,30,300,5,0.2,1.0,314.5963029770208,ges,136.1812295498803,0.43287612810830595,8,1.5,"[6, 10, 17, 18, 24, 26]",6,1.0,0.8333333333333334,0.16666666666666666,1.0,0.0,4.023827075958252
13,30,300,5,0.2,1.0,314.5963029770208,ges,206.9833600830206,0.6579332246575682,8,1.5,"[6, 10, 17, 18, 24, 26]",6,1.0,0.8333333333333334,0.16666666666666666,1.0,0.0,3.97580885887146
13,30,300,5,0.2,1.0,314.5963029770208,ges,314.5963029770208,1.0,8,1.5,"[6, 10, 17, 18, 24, 26]",6,1.0,0.8333333333333334,0.16666666666666666,1.0,0.0,3.9455151557922363
13,30,300,5,0.2,1.0,314.5963029770208,ges,677.7771884894744,2.154434690031884,8,1.5,"[6, 10, 17, 18, 24, 26]",6,1.0,0.8333333333333334,0.16666666666666666,1.0,0.0,4.130801200866699
13,30,300,5,0.2,1.0,314.5963029770208,ges,1460.2266869940022,4.641588833612778,8,1.5,"[6, 10, 17, 18, 24, 26]",6,1.0,0.8333333333333334,0.16666666666666666,1.0,0.0,4.0797789096832275
13,30,300,5,0.2,1.0,314.5963029770208,ges,3145.963029770208,10.0,8,1.5,"[6, 10, 17, 18, 24, 26]",6,1.0,0.8333333333333334,0.16666666666666666,1.0,0.0,4.064808130264282
13,30,300,5,0.2,1.0,314.5963029770208,iamb,0.0,0.0,8,1.5,"[6, 10, 17, 24, 26, 27]",6,1.0,0.8333333333333334,0.16666666666666666,1.0,0.0,3.996340036392212
13,30,300,5,0.2,1.0,314.5963029770208,iamb,3.145963029770208,0.01,8,1.5,"[6, 10, 17, 18, 24, 26]",6,1.0,0.8333333333333334,0.16666666666666666,1.0,0.0,4.035718202590942
13,30,300,5,0.2,1.0,314.5963029770208,iamb,4.78158407550793,0.01519911082952934,8,1.5,"[6, 10, 17, 18, 24, 26]",6,1.0,0.8333333333333334,0.16666666666666666,1.0,0.0,4.039266109466553
13,30,300,5,0.2,1.0,314.5963029770208,iamb,7.267582630435761,0.023101297000831605,8,1.5,"[6, 10, 16, 17, 18, 24, 26]",7,1.0,0.7142857142857143,0.2857142857142857,1.0,0.0,4.318197011947632
13,30,300,5,0.2,1.0,314.5963029770208,iamb,11.046079386275544,0.03511191734215131,8,1.5,"[6, 10, 16, 17, 18, 24, 26]",7,1.0,0.7142857142857143,0.2857142857142857,1.0,0.0,4.198253870010376
13,30,300,5,0.2,1.0,314.5963029770208,iamb,16.78905848237814,0.0533669923120631,8,1.5,"[3, 6, 10, 17, 18, 24, 26]",7,1.0,0.7142857142857143,0.2857142857142857,1.0,0.0,4.248571872711182
13,30,300,5,0.2,1.0,314.5963029770208,iamb,25.517876059711504,0.08111308307896872,8,1.5,"[3, 6, 10, 17, 18, 24, 26]",7,1.0,0.7142857142857143,0.2857142857142857,1.0,0.0,4.339184761047363
13,30,300,5,0.2,1.0,314.5963029770208,iamb,38.784902636574834,0.12328467394420659,8,1.5,"[3, 6, 10, 17, 18, 24, 26]",7,1.0,0.7142857142857143,0.2857142857142857,1.0,0.0,4.4290571212768555
13,30,300,5,0.2,1.0,314.5963029770208,iamb,58.94960336858057,0.1873817422860384,8,1.5,"[3, 6, 10, 17, 18, 24, 26]",7,1.0,0.7142857142857143,0.2857142857142857,1.0,0.0,4.480963230133057
13,30,300,5,0.2,1.0,314.5963029770208,iamb,89.59815549558522,0.2848035868435802,8,1.5,"[3, 6, 10, 17, 18, 24, 26]",7,1.0,0.7142857142857143,0.2857142857142857,1.0,0.0,4.37179970741272
13,30,300,5,0.2,1.0,314.5963029770208,iamb,136.1812295498803,0.43287612810830595,8,1.5,"[3, 6, 10, 17, 18, 24, 26]",7,1.0,0.7142857142857143,0.2857142857142857,1.0,0.0,4.132830858230591
13,30,300,5,0.2,1.0,314.5963029770208,iamb,206.9833600830206,0.6579332246575682,8,1.5,"[3, 6, 10, 17, 18, 24, 26]",7,1.0,0.7142857142857143,0.2857142857142857,1.0,0.0,4.088921070098877
13,30,300,5,0.2,1.0,314.5963029770208,iamb,314.5963029770208,1.0,8,1.5,"[3, 6, 10, 17, 18, 24, 26]",7,1.0,0.7142857142857143,0.2857142857142857,1.0,0.0,4.1032938957214355
13,30,300,5,0.2,1.0,314.5963029770208,iamb,677.7771884894744,2.154434690031884,8,1.5,"[3, 6, 10, 17, 18, 24, 26]",7,1.0,0.7142857142857143,0.2857142857142857,1.0,0.0,4.052681922912598
13,30,300,5,0.2,1.0,314.5963029770208,iamb,1460.2266869940022,4.641588833612778,8,1.5,"[3, 6, 10, 17, 18, 24, 26]",7,1.0,0.7142857142857143,0.2857142857142857,1.0,0.0,4.070566177368164
13,30,300,5,0.2,1.0,314.5963029770208,iamb,3145.963029770208,10.0,8,1.5,"[3, 6, 10, 17, 18, 24, 26]",7,1.0,0.7142857142857143,0.2857142857142857,1.0,0.0,4.12165093421936
13,30,300,5,0.2,1.0,314.5963029770208,bootstrap_l1,0.0,0.0,8,1.5,"[6, 10, 17, 24, 26, 27]",6,1.0,0.8333333333333334,0.16666666666666666,1.0,0.0,3.5451250076293945
13,30,300,5,0.2,1.0,314.5963029770208,bootstrap_l1,3.145963029770208,0.01,8,1.5,"[0, 3, 6, 11, 13, 22, 24]",7,0.4,0.2857142857142857,0.7142857142857143,0.8571428571428571,0.14285714285714285,3.2706971168518066
13,30,300,5,0.2,1.0,314.5963029770208,bootstrap_l1,4.78158407550793,0.01519911082952934,8,1.5,"[0, 3, 6, 11, 13, 22, 24]",7,0.4,0.2857142857142857,0.7142857142857143,0.8571428571428571,0.14285714285714285,3.3793230056762695
13,30,300,5,0.2,1.0,314.5963029770208,bootstrap_l1,7.267582630435761,0.023101297000831605,8,1.5,"[0, 3, 6, 11, 13, 22, 24]",7,0.4,0.2857142857142857,0.7142857142857143,0.8571428571428571,0.14285714285714285,3.286245822906494
13,30,300,5,0.2,1.0,314.5963029770208,bootstrap_l1,11.046079386275544,0.03511191734215131,8,1.5,"[0, 3, 6, 11, 13, 22, 24]",7,0.4,0.2857142857142857,0.7142857142857143,0.8571428571428571,0.14285714285714285,3.4335601329803467
13,30,300,5,0.2,1.0,314.5963029770208,bootstrap_l1,16.78905848237814,0.0533669923120631,8,1.5,"[0, 3, 6, 11, 13, 22, 24]",7,0.4,0.2857142857142857,0.7142857142857143,0.8571428571428571,0.14285714285714285,3.3830437660217285
13,30,300,5,0.2,1.0,314.5963029770208,bootstrap_l1,25.517876059711504,0.08111308307896872,8,1.5,"[0, 3, 6, 11, 13, 22, 24]",7,0.4,0.2857142857142857,0.7142857142857143,0.8571428571428571,0.14285714285714285,3.447935104370117
13,30,300,5,0.2,1.0,314.5963029770208,bootstrap_l1,38.784902636574834,0.12328467394420659,8,1.5,"[0, 3, 6, 11, 13, 22, 24]",7,0.4,0.2857142857142857,0.7142857142857143,0.8571428571428571,0.14285714285714285,3.4412567615509033
13,30,300,5,0.2,1.0,314.5963029770208,bootstrap_l1,58.94960336858057,0.1873817422860384,8,1.5,"[0, 3, 6, 11, 13, 22, 24]",7,0.4,0.2857142857142857,0.7142857142857143,0.8571428571428571,0.14285714285714285,3.552640914916992
13,30,300,5,0.2,1.0,314.5963029770208,bootstrap_l1,89.59815549558522,0.2848035868435802,8,1.5,"[0, 3, 6, 11, 13, 22, 24]",7,0.4,0.2857142857142857,0.7142857142857143,0.8571428571428571,0.14285714285714285,3.79113507270813
13,30,300,5,0.2,1.0,314.5963029770208,bootstrap_l1,136.1812295498803,0.43287612810830595,8,1.5,"[0, 3, 6, 11, 13, 22, 24]",7,0.4,0.2857142857142857,0.7142857142857143,0.8571428571428571,0.14285714285714285,3.995042085647583
13,30,300,5,0.2,1.0,314.5963029770208,bootstrap_l1,206.9833600830206,0.6579332246575682,8,1.5,"[0, 3, 6, 11, 13, 22, 24]",7,0.4,0.2857142857142857,0.7142857142857143,0.8571428571428571,0.14285714285714285,3.6609508991241455
13,30,300,5,0.2,1.0,314.5963029770208,bootstrap_l1,314.5963029770208,1.0,8,1.5,"[0, 3, 6, 11, 13, 22, 24]",7,0.4,0.2857142857142857,0.7142857142857143,0.8571428571428571,0.14285714285714285,4.045014142990112
13,30,300,5,0.2,1.0,314.5963029770208,bootstrap_l1,677.7771884894744,2.154434690031884,8,1.5,"[0, 3, 6, 11, 13, 22, 24]",7,0.4,0.2857142857142857,0.7142857142857143,0.8571428571428571,0.14285714285714285,4.01278829574585
13,30,300,5,0.2,1.0,314.5963029770208,bootstrap_l1,1460.2266869940022,4.641588833612778,8,1.5,"[0, 3, 6, 11, 13, 22, 24]",7,0.4,0.2857142857142857,0.7142857142857143,0.8571428571428571,0.14285714285714285,3.777111053466797
13,30,300,5,0.2,1.0,314.5963029770208,bootstrap_l1,3145.963029770208,10.0,8,1.5,"[0, 3, 6, 11, 13, 22, 24]",7,0.4,0.2857142857142857,0.7142857142857143,0.8571428571428571,0.14285714285714285,4.21294379234314
13,30,300,5,0.2,1.0,314.5963029770208,oracle,0.0,0.0,10,2.0,"[3, 6, 10, 13, 17, 24, 26]",7,1.0,0.7142857142857143,0.2857142857142857,1.0,0.0,5.962976932525635
13,30,300,5,0.2,1.0,314.5963029770208,oracle,3.145963029770208,0.01,10,2.0,"[0, 3, 5, 6, 10, 13, 17, 24, 26]",9,1.0,0.5555555555555556,0.4444444444444444,1.0,0.0,4.899648904800415
13,30,300,5,0.2,1.0,314.5963029770208,oracle,4.78158407550793,0.01519911082952934,10,2.0,"[0, 3, 5, 6, 10, 13, 17, 24, 26]",9,1.0,0.5555555555555556,0.4444444444444444,1.0,0.0,5.123251914978027
13,30,300,5,0.2,1.0,314.5963029770208,oracle,7.267582630435761,0.023101297000831605,10,2.0,"[3, 5, 6, 10, 13, 17, 18, 24, 26]",9,1.0,0.5555555555555556,0.4444444444444444,1.0,0.0,5.402477741241455
13,30,300,5,0.2,1.0,314.5963029770208,oracle,11.046079386275544,0.03511191734215131,10,2.0,"[3, 5, 6, 10, 13, 17, 18, 24, 26]",9,1.0,0.5555555555555556,0.4444444444444444,1.0,0.0,5.194866895675659
13,30,300,5,0.2,1.0,314.5963029770208,oracle,16.78905848237814,0.0533669923120631,10,2.0,"[3, 5, 6, 10, 13, 17, 18, 24, 26]",9,1.0,0.5555555555555556,0.4444444444444444,1.0,0.0,5.342342853546143
13,30,300,5,0.2,1.0,314.5963029770208,oracle,25.517876059711504,0.08111308307896872,10,2.0,"[3, 5, 6, 10, 13, 17, 18, 24, 26]",9,1.0,0.5555555555555556,0.4444444444444444,1.0,0.0,5.645087957382202
13,30,300,5,0.2,1.0,314.5963029770208,oracle,38.784902636574834,0.12328467394420659,10,2.0,"[3, 5, 6, 10, 13, 17, 18, 24, 26]",9,1.0,0.5555555555555556,0.4444444444444444,1.0,0.0,5.6144421100616455
13,30,300,5,0.2,1.0,314.5963029770208,oracle,58.94960336858057,0.1873817422860384,10,2.0,"[3, 5, 6, 10, 13, 17, 18, 24, 26]",9,1.0,0.5555555555555556,0.4444444444444444,1.0,0.0,5.696082830429077
13,30,300,5,0.2,1.0,314.5963029770208,oracle,89.59815549558522,0.2848035868435802,10,2.0,"[3, 5, 6, 10, 13, 17, 18, 24, 26]",9,1.0,0.5555555555555556,0.4444444444444444,1.0,0.0,5.280323028564453
13,30,300,5,0.2,1.0,314.5963029770208,oracle,136.1812295498803,0.43287612810830595,10,2.0,"[3, 5, 6, 10, 13, 17, 18, 24, 26]",9,1.0,0.5555555555555556,0.4444444444444444,1.0,0.0,5.434318780899048
13,30,300,5,0.2,1.0,314.5963029770208,oracle,206.9833600830206,0.6579332246575682,10,2.0,"[3, 5, 6, 10, 13, 17, 18, 24, 26]",9,1.0,0.5555555555555556,0.4444444444444444,1.0,0.0,5.361608982086182
13,30,300,5,0.2,1.0,314.5963029770208,oracle,314.5963029770208,1.0,10,2.0,"[3, 5, 6, 10, 13, 17, 18, 24, 26]",9,1.0,0.5555555555555556,0.4444444444444444,1.0,0.0,5.784848213195801
13,30,300,5,0.2,1.0,314.5963029770208,oracle,677.7771884894744,2.154434690031884,10,2.0,"[3, 5, 6, 10, 13, 17, 18, 24, 26]",9,1.0,0.5555555555555556,0.4444444444444444,1.0,0.0,5.640608072280884
13,30,300,5,0.2,1.0,314.5963029770208,oracle,1460.2266869940022,4.641588833612778,10,2.0,"[3, 5, 6, 10, 13, 17, 18, 24, 26]",9,1.0,0.5555555555555556,0.4444444444444444,1.0,0.0,5.713370084762573
13,30,300,5,0.2,1.0,314.5963029770208,oracle,3145.963029770208,10.0,10,2.0,"[3, 5, 6, 10, 13, 17, 18, 24, 26]",9,1.0,0.5555555555555556,0.4444444444444444,1.0,0.0,6.902297019958496
13,30,300,5,0.2,1.0,314.5963029770208,uniform,0.0,0.0,10,2.0,"[3, 6, 10, 13, 17, 24, 26]",7,1.0,0.7142857142857143,0.2857142857142857,1.0,0.0,6.557030916213989
13,30,300,5,0.2,1.0,314.5963029770208,uniform,3.145963029770208,0.01,10,2.0,"[3, 6, 10, 13, 17, 24, 26]",7,1.0,0.7142857142857143,0.2857142857142857,1.0,0.0,5.893828868865967
13,30,300,5,0.2,1.0,314.5963029770208,uniform,4.78158407550793,0.01519911082952934,10,2.0,"[3, 6, 10, 13, 17, 24, 26]",7,1.0,0.7142857142857143,0.2857142857142857,1.0,0.0,6.06372594833374
13,30,300,5,0.2,1.0,314.5963029770208,uniform,7.267582630435761,0.023101297000831605,10,2.0,"[3, 6, 10, 13, 17, 24, 26]",7,1.0,0.7142857142857143,0.2857142857142857,1.0,0.0,6.601546049118042
13,30,300,5,0.2,1.0,314.5963029770208,uniform,11.046079386275544,0.03511191734215131,10,2.0,"[3, 6, 10, 13, 17, 24, 26]",7,1.0,0.7142857142857143,0.2857142857142857,1.0,0.0,6.622998952865601
13,30,300,5,0.2,1.0,314.5963029770208,uniform,16.78905848237814,0.0533669923120631,10,2.0,"[3, 6, 10, 13, 17, 24, 26]",7,1.0,0.7142857142857143,0.2857142857142857,1.0,0.0,5.84975004196167
13,30,300,5,0.2,1.0,314.5963029770208,uniform,25.517876059711504,0.08111308307896872,10,2.0,"[3, 6, 10, 13, 17, 24, 26]",7,1.0,0.7142857142857143,0.2857142857142857,1.0,0.0,6.038656949996948
13,30,300,5,0.2,1.0,314.5963029770208,uniform,38.784902636574834,0.12328467394420659,10,2.0,"[3, 6, 10, 13, 17, 24, 26]",7,1.0,0.7142857142857143,0.2857142857142857,1.0,0.0,6.232030153274536
13,30,300,5,0.2,1.0,314.5963029770208,uniform,58.94960336858057,0.1873817422860384,10,2.0,"[3, 6, 10, 13, 17, 24, 26]",7,1.0,0.7142857142857143,0.2857142857142857,1.0,0.0,5.8245298862457275
13,30,300,5,0.2,1.0,314.5963029770208,uniform,89.59815549558522,0.2848035868435802,10,2.0,"[3, 6, 10, 13, 17, 24, 26]",7,1.0,0.7142857142857143,0.2857142857142857,1.0,0.0,5.798057317733765
13,30,300,5,0.2,1.0,314.5963029770208,uniform,136.1812295498803,0.43287612810830595,10,2.0,"[3, 6, 10, 13, 17, 24, 26]",7,1.0,0.7142857142857143,0.2857142857142857,1.0,0.0,5.958520889282227
13,30,300,5,0.2,1.0,314.5963029770208,uniform,206.9833600830206,0.6579332246575682,10,2.0,"[3, 6, 10, 13, 17, 24, 26]",7,1.0,0.7142857142857143,0.2857142857142857,1.0,0.0,6.036869049072266
13,30,300,5,0.2,1.0,314.5963029770208,uniform,314.5963029770208,1.0,10,2.0,"[3, 6, 10, 13, 17, 24, 26]",7,1.0,0.7142857142857143,0.2857142857142857,1.0,0.0,6.04814600944519
13,30,300,5,0.2,1.0,314.5963029770208,uniform,677.7771884894744,2.154434690031884,10,2.0,"[3, 6, 10, 13, 17, 24, 26]",7,1.0,0.7142857142857143,0.2857142857142857,1.0,0.0,6.335157871246338
13,30,300,5,0.2,1.0,314.5963029770208,uniform,1460.2266869940022,4.641588833612778,10,2.0,"[3, 6, 10, 13, 17, 24, 26]",7,1.0,0.7142857142857143,0.2857142857142857,1.0,0.0,6.16509485244751
13,30,300,5,0.2,1.0,314.5963029770208,uniform,3145.963029770208,10.0,10,2.0,"[3, 6, 10, 13, 17, 24, 26]",7,1.0,0.7142857142857143,0.2857142857142857,1.0,0.0,6.777111053466797
13,30,300,5,0.2,1.0,314.5963029770208,adversarial,0.0,0.0,10,2.0,"[3, 6, 10, 13, 17, 24, 26]",7,1.0,0.7142857142857143,0.2857142857142857,1.0,0.0,11.869447231292725
13,30,300,5,0.2,1.0,314.5963029770208,adversarial,3.145963029770208,0.01,10,2.0,"[0, 3, 4, 9, 11, 13, 18, 22, 27]",9,0.0,0.0,1.0,0.8888888888888888,0.1111111111111111,18.537057161331177
13,30,300,5,0.2,1.0,314.5963029770208,adversarial,4.78158407550793,0.01519911082952934,10,2.0,"[0, 3, 4, 9, 11, 13, 18, 22, 27]",9,0.0,0.0,1.0,0.8888888888888888,0.1111111111111111,18.055194854736328
13,30,300,5,0.2,1.0,314.5963029770208,adversarial,7.267582630435761,0.023101297000831605,10,2.0,"[0, 3, 4, 9, 11, 13, 18, 22, 27]",9,0.0,0.0,1.0,0.8888888888888888,0.1111111111111111,17.87678813934326
13,30,300,5,0.2,1.0,314.5963029770208,adversarial,11.046079386275544,0.03511191734215131,10,2.0,"[0, 3, 4, 9, 11, 13, 18, 22, 27]",9,0.0,0.0,1.0,0.8888888888888888,0.1111111111111111,17.477876901626587
13,30,300,5,0.2,1.0,314.5963029770208,adversarial,16.78905848237814,0.0533669923120631,10,2.0,"[0, 3, 4, 9, 11, 13, 18, 22, 27]",9,0.0,0.0,1.0,0.8888888888888888,0.1111111111111111,17.54516315460205
13,30,300,5,0.2,1.0,314.5963029770208,adversarial,25.517876059711504,0.08111308307896872,10,2.0,"[0, 3, 4, 9, 11, 13, 18, 22, 27]",9,0.0,0.0,1.0,0.8888888888888888,0.1111111111111111,17.326335191726685
13,30,300,5,0.2,1.0,314.5963029770208,adversarial,38.784902636574834,0.12328467394420659,10,2.0,"[0, 3, 4, 9, 11, 13, 18, 22, 27]",9,0.0,0.0,1.0,0.8888888888888888,0.1111111111111111,16.159636974334717
13,30,300,5,0.2,1.0,314.5963029770208,adversarial,58.94960336858057,0.1873817422860384,10,2.0,"[0, 3, 4, 9, 11, 13, 18, 22, 27]",9,0.0,0.0,1.0,0.8888888888888888,0.1111111111111111,16.243948936462402
13,30,300,5,0.2,1.0,314.5963029770208,adversarial,89.59815549558522,0.2848035868435802,10,2.0,"[0, 3, 4, 9, 11, 13, 18, 22, 27]",9,0.0,0.0,1.0,0.8888888888888888,0.1111111111111111,16.028794765472412
13,30,300,5,0.2,1.0,314.5963029770208,adversarial,136.1812295498803,0.43287612810830595,10,2.0,"[0, 3, 4, 9, 11, 13, 18, 22, 27]",9,0.0,0.0,1.0,0.8888888888888888,0.1111111111111111,16.32892680168152
13,30,300,5,0.2,1.0,314.5963029770208,adversarial,206.9833600830206,0.6579332246575682,10,2.0,"[0, 3, 4, 9, 11, 13, 18, 22, 27]",9,0.0,0.0,1.0,0.8888888888888888,0.1111111111111111,16.415477752685547
13,30,300,5,0.2,1.0,314.5963029770208,adversarial,314.5963029770208,1.0,10,2.0,"[0, 3, 4, 9, 11, 13, 18, 22, 27]",9,0.0,0.0,1.0,0.8888888888888888,0.1111111111111111,17.63506007194519
13,30,300,5,0.2,1.0,314.5963029770208,adversarial,677.7771884894744,2.154434690031884,10,2.0,"[0, 3, 4, 9, 11, 13, 18, 22, 27]",9,0.0,0.0,1.0,0.8888888888888888,0.1111111111111111,21.998653888702393
13,30,300,5,0.2,1.0,314.5963029770208,adversarial,1460.2266869940022,4.641588833612778,10,2.0,"[0, 3, 4, 9, 11, 13, 18, 22, 27]",9,0.0,0.0,1.0,0.8888888888888888,0.1111111111111111,22.311614990234375
13,30,300,5,0.2,1.0,314.5963029770208,adversarial,3145.963029770208,10.0,10,2.0,"[0, 3, 4, 9, 11, 13, 18, 22, 27]",9,0.0,0.0,1.0,0.8888888888888888,0.1111111111111111,22.366518020629883
13,30,300,5,0.2,1.0,314.5963029770208,pc,0.0,0.0,10,2.0,"[3, 6, 10, 13, 17, 24, 26]",7,1.0,0.7142857142857143,0.2857142857142857,1.0,0.0,18.913644075393677
13,30,300,5,0.2,1.0,314.5963029770208,pc,3.145963029770208,0.01,10,2.0,"[5, 6, 10, 13, 17, 18, 24, 26, 27]",9,1.0,0.5555555555555556,0.4444444444444444,1.0,0.0,18.05780816078186
13,30,300,5,0.2,1.0,314.5963029770208,pc,4.78158407550793,0.01519911082952934,10,2.0,"[5, 6, 10, 13, 17, 18, 24, 26, 27]",9,1.0,0.5555555555555556,0.4444444444444444,1.0,0.0,18.2841317653656
13,30,300,5,0.2,1.0,314.5963029770208,pc,7.267582630435761,0.023101297000831605,10,2.0,"[5, 6, 10, 13, 17, 18, 24, 26, 27]",9,1.0,0.5555555555555556,0.4444444444444444,1.0,0.0,18.80578088760376
13,30,300,5,0.2,1.0,314.5963029770208,pc,11.046079386275544,0.03511191734215131,10,2.0,"[5, 6, 10, 13, 17, 18, 24, 26, 27]",9,1.0,0.5555555555555556,0.4444444444444444,1.0,0.0,18.89803719520569
13,30,300,5,0.2,1.0,314.5963029770208,pc,16.78905848237814,0.0533669923120631,10,2.0,"[5, 6, 10, 13, 17, 18, 24, 26, 27]",9,1.0,0.5555555555555556,0.4444444444444444,1.0,0.0,19.40096688270569
13,30,300,5,0.2,1.0,314.5963029770208,pc,25.517876059711504,0.08111308307896872,10,2.0,"[5, 6, 10, 13, 17, 18, 24, 26, 27]",9,1.0,0.5555555555555556,0.4444444444444444,1.0,0.0,19.67144203186035
13,30,300,5,0.2,1.0,314.5963029770208,pc,38.784902636574834,0.12328467394420659,10,2.0,"[5, 6, 10, 13, 18, 22, 24, 27]",8,0.6,0.375,0.625,0.875,0.125,20.424623250961304
13,30,300,5,0.2,1.0,314.5963029770208,pc,58.94960336858057,0.1873817422860384,10,2.0,"[5, 6, 10, 13, 18, 22, 24, 27]",8,0.6,0.375,0.625,0.875,0.125,20.775913953781128
13,30,300,5,0.2,1.0,314.5963029770208,pc,89.59815549558522,0.2848035868435802,10,2.0,"[5, 6, 10, 13, 18, 22, 24, 27]",8,0.6,0.375,0.625,0.875,0.125,20.65707230567932
13,30,300,5,0.2,1.0,314.5963029770208,pc,136.1812295498803,0.43287612810830595,10,2.0,"[5, 6, 10, 13, 18, 22, 24, 27]",8,0.6,0.375,0.625,0.875,0.125,20.523952960968018
13,30,300,5,0.2,1.0,314.5963029770208,pc,206.9833600830206,0.6579332246575682,10,2.0,"[5, 6, 10, 13, 18, 22, 24, 27]",8,0.6,0.375,0.625,0.875,0.125,20.25495195388794
13,30,300,5,0.2,1.0,314.5963029770208,pc,314.5963029770208,1.0,10,2.0,"[5, 6, 10, 13, 18, 22, 24, 27]",8,0.6,0.375,0.625,0.875,0.125,20.417477130889893
13,30,300,5,0.2,1.0,314.5963029770208,pc,677.7771884894744,2.154434690031884,10,2.0,"[5, 6, 10, 13, 18, 22, 24, 27]",8,0.6,0.375,0.625,0.875,0.125,20.526098012924194
13,30,300,5,0.2,1.0,314.5963029770208,pc,1460.2266869940022,4.641588833612778,10,2.0,"[5, 6, 10, 13, 18, 22, 24, 27]",8,0.6,0.375,0.625,0.875,0.125,20.745718955993652
13,30,300,5,0.2,1.0,314.5963029770208,pc,3145.963029770208,10.0,10,2.0,"[5, 6, 10, 13, 18, 22, 24, 27]",8,0.6,0.375,0.625,0.875,0.125,20.780375003814697
13,30,300,5,0.2,1.0,314.5963029770208,ges,0.0,0.0,10,2.0,"[3, 6, 10, 13, 17, 24, 26]",7,1.0,0.7142857142857143,0.2857142857142857,1.0,0.0,20.412251949310303
13,30,300,5,0.2,1.0,314.5963029770208,ges,3.145963029770208,0.01,10,2.0,"[5, 6, 10, 16, 17, 18, 24, 26, 27]",9,1.0,0.5555555555555556,0.4444444444444444,1.0,0.0,20.965329885482788
13,30,300,5,0.2,1.0,314.5963029770208,ges,4.78158407550793,0.01519911082952934,10,2.0,"[5, 6, 10, 16, 17, 18, 24, 26, 27]",9,1.0,0.5555555555555556,0.4444444444444444,1.0,0.0,21.567424058914185
13,30,300,5,0.2,1.0,314.5963029770208,ges,7.267582630435761,0.023101297000831605,10,2.0,"[5, 6, 10, 17, 18, 24, 26, 27]",8,1.0,0.625,0.375,1.0,0.0,22.330825090408325
13,30,300,5,0.2,1.0,314.5963029770208,ges,11.046079386275544,0.03511191734215131,10,2.0,"[5, 6, 10, 17, 18, 24, 26, 27]",8,1.0,0.625,0.375,1.0,0.0,23.056982040405273
13,30,300,5,0.2,1.0,314.5963029770208,ges,16.78905848237814,0.0533669923120631,10,2.0,"[5, 6, 10, 17, 18, 24, 26, 27]",8,1.0,0.625,0.375,1.0,0.0,23.014096975326538
13,30,300,5,0.2,1.0,314.5963029770208,ges,25.517876059711504,0.08111308307896872,10,2.0,"[6, 10, 17, 18, 24, 26]",6,1.0,0.8333333333333334,0.16666666666666666,1.0,0.0,22.82068109512329
13,30,300,5,0.2,1.0,314.5963029770208,ges,38.784902636574834,0.12328467394420659,10,2.0,"[6, 10, 17, 18, 24, 26]",6,1.0,0.8333333333333334,0.16666666666666666,1.0,0.0,22.410141944885254
13,30,300,5,0.2,1.0,314.5963029770208,ges,58.94960336858057,0.1873817422860384,10,2.0,"[6, 10, 17, 18, 24, 26]",6,1.0,0.8333333333333334,0.16666666666666666,1.0,0.0,22.996479034423828
13,30,300,5,0.2,1.0,314.5963029770208,ges,89.59815549558522,0.2848035868435802,10,2.0,"[6, 10, 17, 18, 24, 26]",6,1.0,0.8333333333333334,0.16666666666666666,1.0,0.0,22.591962099075317
13,30,300,5,0.2,1.0,314.5963029770208,ges,136.1812295498803,0.43287612810830595,10,2.0,"[6, 10, 17, 18, 24, 26]",6,1.0,0.8333333333333334,0.16666666666666666,1.0,0.0,23.010788202285767
13,30,300,5,0.2,1.0,314.5963029770208,ges,206.9833600830206,0.6579332246575682,10,2.0,"[6, 10, 17, 18, 24, 26]",6,1.0,0.8333333333333334,0.16666666666666666,1.0,0.0,23.064587116241455
13,30,300,5,0.2,1.0,314.5963029770208,ges,314.5963029770208,1.0,10,2.0,"[6, 10, 17, 18, 24, 26]",6,1.0,0.8333333333333334,0.16666666666666666,1.0,0.0,22.7624728679657
13,30,300,5,0.2,1.0,314.5963029770208,ges,677.7771884894744,2.154434690031884,10,2.0,"[5, 6, 10, 17, 18, 24, 26, 27]",8,1.0,0.625,0.375,1.0,0.0,22.256512880325317
13,30,300,5,0.2,1.0,314.5963029770208,ges,1460.2266869940022,4.641588833612778,10,2.0,"[5, 6, 10, 17, 18, 24, 26, 27]",8,1.0,0.625,0.375,1.0,0.0,21.869408130645752
13,30,300,5,0.2,1.0,314.5963029770208,ges,3145.963029770208,10.0,10,2.0,"[5, 6, 10, 17, 18, 24, 26, 27]",8,1.0,0.625,0.375,1.0,0.0,21.618916034698486
13,30,300,5,0.2,1.0,314.5963029770208,iamb,0.0,0.0,10,2.0,"[3, 6, 10, 13, 17, 24, 26]",7,1.0,0.7142857142857143,0.2857142857142857,1.0,0.0,19.53253197669983
13,30,300,5,0.2,1.0,314.5963029770208,iamb,3.145963029770208,0.01,10,2.0,"[3, 6, 10, 13, 17, 18, 24, 26]",8,1.0,0.625,0.375,1.0,0.0,17.908726930618286
13,30,300,5,0.2,1.0,314.5963029770208,iamb,4.78158407550793,0.01519911082952934,10,2.0,"[3, 6, 10, 13, 17, 18, 24, 26]",8,1.0,0.625,0.375,1.0,0.0,18.08894395828247
13,30,300,5,0.2,1.0,314.5963029770208,iamb,7.267582630435761,0.023101297000831605,10,2.0,"[3, 6, 10, 13, 17, 18, 24, 26]",8,1.0,0.625,0.375,1.0,0.0,16.343907833099365
13,30,300,5,0.2,1.0,314.5963029770208,iamb,11.046079386275544,0.03511191734215131,10,2.0,"[3, 6, 10, 13, 17, 18, 24, 26]",8,1.0,0.625,0.375,1.0,0.0,16.318758249282837
13,30,300,5,0.2,1.0,314.5963029770208,iamb,16.78905848237814,0.0533669923120631,10,2.0,"[3, 6, 10, 16, 17, 18, 24, 26]",8,1.0,0.625,0.375,1.0,0.0,23.19746685028076
13,30,300,5,0.2,1.0,314.5963029770208,iamb,25.517876059711504,0.08111308307896872,10,2.0,"[3, 6, 10, 16, 17, 18, 24, 26]",8,1.0,0.625,0.375,1.0,0.0,22.782361030578613
13,30,300,5,0.2,1.0,314.5963029770208,iamb,38.784902636574834,0.12328467394420659,10,2.0,"[3, 6, 10, 16, 17, 18, 24, 26]",8,1.0,0.625,0.375,1.0,0.0,23.306080102920532
13,30,300,5,0.2,1.0,314.5963029770208,iamb,58.94960336858057,0.1873817422860384,10,2.0,"[3, 6, 10, 16, 17, 18, 24, 26]",8,1.0,0.625,0.375,1.0,0.0,23.43009114265442
13,30,300,5,0.2,1.0,314.5963029770208,iamb,89.59815549558522,0.2848035868435802,10,2.0,"[3, 6, 10, 16, 17, 18, 24, 26]",8,1.0,0.625,0.375,1.0,0.0,23.66590189933777
13,30,300,5,0.2,1.0,314.5963029770208,iamb,136.1812295498803,0.43287612810830595,10,2.0,"[3, 6, 10, 16, 17, 18, 24, 26]",8,1.0,0.625,0.375,1.0,0.0,23.78402090072632
13,30,300,5,0.2,1.0,314.5963029770208,iamb,206.9833600830206,0.6579332246575682,10,2.0,"[3, 6, 10, 16, 17, 18, 24, 26]",8,1.0,0.625,0.375,1.0,0.0,23.884631156921387
13,30,300,5,0.2,1.0,314.5963029770208,iamb,314.5963029770208,1.0,10,2.0,"[3, 6, 10, 16, 17, 18, 24, 26]",8,1.0,0.625,0.375,1.0,0.0,24.136481046676636
13,30,300,5,0.2,1.0,314.5963029770208,iamb,677.7771884894744,2.154434690031884,10,2.0,"[3, 6, 10, 16, 17, 18, 24, 26]",8,1.0,0.625,0.375,1.0,0.0,24.365327835083008
13,30,300,5,0.2,1.0,314.5963029770208,iamb,1460.2266869940022,4.641588833612778,10,2.0,"[3, 6, 10, 16, 17, 18, 24, 26]",8,1.0,0.625,0.375,1.0,0.0,24.52371096611023
13,30,300,5,0.2,1.0,314.5963029770208,iamb,3145.963029770208,10.0,10,2.0,"[3, 6, 10, 16, 17, 18, 24, 26]",8,1.0,0.625,0.375,1.0,0.0,24.301928997039795
13,30,300,5,0.2,1.0,314.5963029770208,bootstrap_l1,0.0,0.0,10,2.0,"[3, 6, 10, 13, 17, 24, 26]",7,1.0,0.7142857142857143,0.2857142857142857,1.0,0.0,20.26577115058899
13,30,300,5,0.2,1.0,314.5963029770208,bootstrap_l1,3.145963029770208,0.01,10,2.0,"[0, 3, 6, 10, 11, 13, 18, 22, 24]",9,0.6,0.3333333333333333,0.6666666666666666,0.8888888888888888,0.1111111111111111,18.318822860717773
13,30,300,5,0.2,1.0,314.5963029770208,bootstrap_l1,4.78158407550793,0.01519911082952934,10,2.0,"[0, 3, 6, 10, 11, 13, 18, 22, 24]",9,0.6,0.3333333333333333,0.6666666666666666,0.8888888888888888,0.1111111111111111,18.788767099380493
13,30,300,5,0.2,1.0,314.5963029770208,bootstrap_l1,7.267582630435761,0.023101297000831605,10,2.0,"[0, 3, 6, 10, 11, 13, 18, 22, 24]",9,0.6,0.3333333333333333,0.6666666666666666,0.8888888888888888,0.1111111111111111,18.354894638061523
13,30,300,5,0.2,1.0,314.5963029770208,bootstrap_l1,11.046079386275544,0.03511191734215131,10,2.0,"[0, 3, 6, 10, 11, 13, 18, 22, 24]",9,0.6,0.3333333333333333,0.6666666666666666,0.8888888888888888,0.1111111111111111,19.349476099014282
13,30,300,5,0.2,1.0,314.5963029770208,bootstrap_l1,16.78905848237814,0.0533669923120631,10,2.0,"[0, 3, 6, 10, 11, 13, 18, 22, 24]",9,0.6,0.3333333333333333,0.6666666666666666,0.8888888888888888,0.1111111111111111,19.045367002487183
13,30,300,5,0.2,1.0,314.5963029770208,bootstrap_l1,25.517876059711504,0.08111308307896872,10,2.0,"[0, 3, 6, 10, 11, 13, 18, 22, 24]",9,0.6,0.3333333333333333,0.6666666666666666,0.8888888888888888,0.1111111111111111,19.24741291999817
13,30,300,5,0.2,1.0,314.5963029770208,bootstrap_l1,38.784902636574834,0.12328467394420659,10,2.0,"[0, 3, 6, 10, 11, 13, 18, 22, 24]",9,0.6,0.3333333333333333,0.6666666666666666,0.8888888888888888,0.1111111111111111,18.889230012893677
13,30,300,5,0.2,1.0,314.5963029770208,bootstrap_l1,58.94960336858057,0.1873817422860384,10,2.0,"[0, 3, 6, 10, 11, 13, 18, 22, 24]",9,0.6,0.3333333333333333,0.6666666666666666,0.8888888888888888,0.1111111111111111,19.536890745162964
13,30,300,5,0.2,1.0,314.5963029770208,bootstrap_l1,89.59815549558522,0.2848035868435802,10,2.0,"[0, 3, 6, 10, 11, 13, 18, 22, 24]",9,0.6,0.3333333333333333,0.6666666666666666,0.8888888888888888,0.1111111111111111,18.983229875564575
13,30,300,5,0.2,1.0,314.5963029770208,bootstrap_l1,136.1812295498803,0.43287612810830595,10,2.0,"[0, 3, 6, 10, 11, 13, 18, 22, 24]",9,0.6,0.3333333333333333,0.6666666666666666,0.8888888888888888,0.1111111111111111,19.62417483329773
13,30,300,5,0.2,1.0,314.5963029770208,bootstrap_l1,206.9833600830206,0.6579332246575682,10,2.0,"[0, 3, 6, 10, 11, 13, 18, 22, 24]",9,0.6,0.3333333333333333,0.6666666666666666,0.8888888888888888,0.1111111111111111,18.987460136413574
13,30,300,5,0.2,1.0,314.5963029770208,bootstrap_l1,314.5963029770208,1.0,10,2.0,"[0, 3, 6, 10, 11, 13, 18, 22, 24]",9,0.6,0.3333333333333333,0.6666666666666666,0.8888888888888888,0.1111111111111111,19.838768005371094
13,30,300,5,0.2,1.0,314.5963029770208,bootstrap_l1,677.7771884894744,2.154434690031884,10,2.0,"[0, 3, 6, 10, 11, 13, 18, 22, 24]",9,0.6,0.3333333333333333,0.6666666666666666,0.8888888888888888,0.1111111111111111,19.47069215774536
13,30,300,5,0.2,1.0,314.5963029770208,bootstrap_l1,1460.2266869940022,4.641588833612778,10,2.0,"[0, 3, 6, 10, 11, 13, 18, 22, 24]",9,0.6,0.3333333333333333,0.6666666666666666,0.8888888888888888,0.1111111111111111,19.843109130859375
13,30,300,5,0.2,1.0,314.5963029770208,bootstrap_l1,3145.963029770208,10.0,10,2.0,"[0, 3, 6, 10, 11, 13, 18, 22, 24]",9,0.6,0.3333333333333333,0.6666666666666666,0.8888888888888888,0.1111111111111111,19.600257873535156
13,30,300,5,0.2,1.0,314.5963029770208,oracle,0.0,0.0,15,3.0,"[0, 3, 6, 10, 11, 13, 17, 18, 19, 24, 26]",11,1.0,0.45454545454545453,0.5454545454545454,0.9090909090909091,0.09090909090909091,46.893380880355835
13,30,300,5,0.2,1.0,314.5963029770208,oracle,3.145963029770208,0.01,15,3.0,"[0, 3, 6, 10, 11, 13, 17, 18, 24, 26]",10,1.0,0.5,0.5,1.0,0.0,42.59980130195618
13,30,300,5,0.2,1.0,314.5963029770208,oracle,4.78158407550793,0.01519911082952934,15,3.0,"[0, 3, 6, 10, 11, 13, 17, 18, 24, 26]",10,1.0,0.5,0.5,1.0,0.0,43.73823094367981
13,30,300,5,0.2,1.0,314.5963029770208,oracle,7.267582630435761,0.023101297000831605,15,3.0,"[0, 3, 5, 6, 10, 11, 13, 17, 18, 19, 22, 24, 26]",13,1.0,0.38461538461538464,0.6153846153846154,0.8461538461538461,0.15384615384615385,41.76222085952759
13,30,300,5,0.2,1.0,314.5963029770208,oracle,11.046079386275544,0.03511191734215131,15,3.0,"[0, 3, 5, 6, 10, 11, 13, 17, 18, 19, 22, 24, 26]",13,1.0,0.38461538461538464,0.6153846153846154,0.8461538461538461,0.15384615384615385,42.59217882156372
13,30,300,5,0.2,1.0,314.5963029770208,oracle,16.78905848237814,0.0533669923120631,15,3.0,"[0, 3, 5, 6, 10, 11, 13, 17, 18, 19, 22, 24, 26]",13,1.0,0.38461538461538464,0.6153846153846154,0.8461538461538461,0.15384615384615385,41.59431195259094
13,30,300,5,0.2,1.0,314.5963029770208,oracle,25.517876059711504,0.08111308307896872,15,3.0,"[0, 3, 5, 6, 10, 11, 13, 17, 18, 19, 22, 24, 26]",13,1.0,0.38461538461538464,0.6153846153846154,0.8461538461538461,0.15384615384615385,41.69995594024658
13,30,300,5,0.2,1.0,314.5963029770208,oracle,38.784902636574834,0.12328467394420659,15,3.0,"[0, 3, 5, 6, 10, 11, 13, 17, 18, 19, 22, 24, 26]",13,1.0,0.38461538461538464,0.6153846153846154,0.8461538461538461,0.15384615384615385,42.08440589904785
13,30,300,5,0.2,1.0,314.5963029770208,oracle,58.94960336858057,0.1873817422860384,15,3.0,"[0, 3, 5, 6, 10, 11, 13, 17, 18, 19, 22, 24, 26]",13,1.0,0.38461538461538464,0.6153846153846154,0.8461538461538461,0.15384615384615385,42.50195288658142
13,30,300,5,0.2,1.0,314.5963029770208,oracle,89.59815549558522,0.2848035868435802,15,3.0,"[0, 3, 5, 6, 10, 11, 13, 17, 18, 19, 22, 24, 26]",13,1.0,0.38461538461538464,0.6153846153846154,0.8461538461538461,0.15384615384615385,42.182271003723145
13,30,300,5,0.2,1.0,314.5963029770208,oracle,136.1812295498803,0.43287612810830595,15,3.0,"[0, 3, 5, 6, 10, 11, 13, 17, 18, 19, 22, 24, 26]",13,1.0,0.38461538461538464,0.6153846153846154,0.8461538461538461,0.15384615384615385,42.67555618286133
13,30,300,5,0.2,1.0,314.5963029770208,oracle,206.9833600830206,0.6579332246575682,15,3.0,"[0, 3, 5, 6, 10, 11, 13, 17, 18, 19, 22, 24, 26]",13,1.0,0.38461538461538464,0.6153846153846154,0.8461538461538461,0.15384615384615385,42.691449880599976
13,30,300,5,0.2,1.0,314.5963029770208,oracle,314.5963029770208,1.0,15,3.0,"[0, 3, 5, 6, 10, 11, 13, 17, 18, 19, 22, 24, 26]",13,1.0,0.38461538461538464,0.6153846153846154,0.8461538461538461,0.15384615384615385,42.66462731361389
13,30,300,5,0.2,1.0,314.5963029770208,oracle,677.7771884894744,2.154434690031884,15,3.0,"[0, 3, 5, 6, 10, 11, 13, 17, 18, 19, 22, 24, 26]",13,1.0,0.38461538461538464,0.6153846153846154,0.8461538461538461,0.15384615384615385,42.11566495895386
13,30,300,5,0.2,1.0,314.5963029770208,oracle,1460.2266869940022,4.641588833612778,15,3.0,"[0, 3, 5, 6, 10, 11, 13, 17, 18, 19, 22, 24, 26]",13,1.0,0.38461538461538464,0.6153846153846154,0.8461538461538461,0.15384615384615385,42.871381998062134
13,30,300,5,0.2,1.0,314.5963029770208,oracle,3145.963029770208,10.0,15,3.0,"[0, 3, 5, 6, 10, 11, 13, 17, 18, 19, 22, 24, 26]",13,1.0,0.38461538461538464,0.6153846153846154,0.8461538461538461,0.15384615384615385,41.778955936431885
13,30,300,5,0.2,1.0,314.5963029770208,uniform,0.0,0.0,15,3.0,"[0, 3, 6, 10, 11, 13, 17, 18, 19, 24, 26]",11,1.0,0.45454545454545453,0.5454545454545454,0.9090909090909091,0.09090909090909091,47.253806829452515
13,30,300,5,0.2,1.0,314.5963029770208,uniform,3.145963029770208,0.01,15,3.0,"[0, 3, 6, 10, 11, 13, 17, 18, 19, 24, 26]",11,1.0,0.45454545454545453,0.5454545454545454,0.9090909090909091,0.09090909090909091,47.52306008338928
13,30,300,5,0.2,1.0,314.5963029770208,uniform,4.78158407550793,0.01519911082952934,15,3.0,"[0, 3, 6, 10, 11, 13, 17, 18, 19, 24, 26]",11,1.0,0.45454545454545453,0.5454545454545454,0.9090909090909091,0.09090909090909091,47.99207091331482
13,30,300,5,0.2,1.0,314.5963029770208,uniform,7.267582630435761,0.023101297000831605,15,3.0,"[0, 3, 6, 10, 11, 13, 17, 18, 19, 24, 26]",11,1.0,0.45454545454545453,0.5454545454545454,0.9090909090909091,0.09090909090909091,46.54163312911987
13,30,300,5,0.2,1.0,314.5963029770208,uniform,11.046079386275544,0.03511191734215131,15,3.0,"[0, 3, 6, 10, 11, 13, 17, 18, 19, 24, 26]",11,1.0,0.45454545454545453,0.5454545454545454,0.9090909090909091,0.09090909090909091,47.942959785461426
13,30,300,5,0.2,1.0,314.5963029770208,uniform,16.78905848237814,0.0533669923120631,15,3.0,"[0, 3, 6, 10, 11, 13, 17, 18, 19, 24, 26]",11,1.0,0.45454545454545453,0.5454545454545454,0.9090909090909091,0.09090909090909091,46.58060169219971
13,30,300,5,0.2,1.0,314.5963029770208,uniform,25.517876059711504,0.08111308307896872,15,3.0,"[0, 3, 6, 10, 11, 13, 17, 18, 19, 24, 26]",11,1.0,0.45454545454545453,0.5454545454545454,0.9090909090909091,0.09090909090909091,46.633995056152344
13,30,300,5,0.2,1.0,314.5963029770208,uniform,38.784902636574834,0.12328467394420659,15,3.0,"[0, 3, 6, 10, 11, 13, 17, 18, 19, 24, 26]",11,1.0,0.45454545454545453,0.5454545454545454,0.9090909090909091,0.09090909090909091,46.4149010181427
13,30,300,5,0.2,1.0,314.5963029770208,uniform,58.94960336858057,0.1873817422860384,15,3.0,"[0, 3, 6, 10, 11, 13, 17, 18, 19, 24, 26]",11,1.0,0.45454545454545453,0.5454545454545454,0.9090909090909091,0.09090909090909091,46.9925811290741
13,30,300,5,0.2,1.0,314.5963029770208,uniform,89.59815549558522,0.2848035868435802,15,3.0,"[0, 3, 6, 10, 11, 13, 17, 18, 19, 24, 26]",11,1.0,0.45454545454545453,0.5454545454545454,0.9090909090909091,0.09090909090909091,44.546236753463745
13,30,300,5,0.2,1.0,314.5963029770208,uniform,136.1812295498803,0.43287612810830595,15,3.0,"[0, 3, 6, 10, 11, 13, 17, 18, 19, 24, 26]",11,1.0,0.45454545454545453,0.5454545454545454,0.9090909090909091,0.09090909090909091,44.74201989173889
13,30,300,5,0.2,1.0,314.5963029770208,uniform,206.9833600830206,0.6579332246575682,15,3.0,"[0, 3, 6, 10, 11, 13, 17, 18, 19, 24, 26]",11,1.0,0.45454545454545453,0.5454545454545454,0.9090909090909091,0.09090909090909091,43.0181097984314
13,30,300,5,0.2,1.0,314.5963029770208,uniform,314.5963029770208,1.0,15,3.0,"[0, 3, 6, 10, 11, 13, 17, 18, 19, 24, 26]",11,1.0,0.45454545454545453,0.5454545454545454,0.9090909090909091,0.09090909090909091,41.518967151641846
13,30,300,5,0.2,1.0,314.5963029770208,uniform,677.7771884894744,2.154434690031884,15,3.0,"[0, 3, 6, 10, 11, 13, 17, 18, 19, 24, 26]",11,1.0,0.45454545454545453,0.5454545454545454,0.9090909090909091,0.09090909090909091,39.82947039604187
13,30,300,5,0.2,1.0,314.5963029770208,uniform,1460.2266869940022,4.641588833612778,15,3.0,"[0, 3, 6, 10, 11, 13, 17, 18, 19, 24, 26]",11,1.0,0.45454545454545453,0.5454545454545454,0.9090909090909091,0.09090909090909091,39.939587116241455
13,30,300,5,0.2,1.0,314.5963029770208,uniform,3145.963029770208,10.0,15,3.0,"[0, 3, 6, 10, 11, 13, 17, 18, 19, 24, 26]",11,1.0,0.45454545454545453,0.5454545454545454,0.9090909090909091,0.09090909090909091,38.41408085823059
13,30,300,5,0.2,1.0,314.5963029770208,adversarial,0.0,0.0,15,3.0,"[0, 3, 6, 10, 11, 13, 17, 18, 19, 24, 26]",11,1.0,0.45454545454545453,0.5454545454545454,0.9090909090909091,0.09090909090909091,38.47898197174072
13,30,300,5,0.2,1.0,314.5963029770208,adversarial,3.145963029770208,0.01,15,3.0,"[3, 4, 7, 9, 11, 13, 18, 22, 23, 27, 29]",11,0.0,0.0,1.0,0.7272727272727273,0.2727272727272727,37.11522316932678
13,30,300,5,0.2,1.0,314.5963029770208,adversarial,4.78158407550793,0.01519911082952934,15,3.0,"[3, 4, 7, 9, 11, 13, 18, 22, 23, 27, 29]",11,0.0,0.0,1.0,0.7272727272727273,0.2727272727272727,36.69421887397766
13,30,300,5,0.2,1.0,314.5963029770208,adversarial,7.267582630435761,0.023101297000831605,15,3.0,"[3, 4, 7, 9, 11, 13, 18, 22, 23, 27, 29]",11,0.0,0.0,1.0,0.7272727272727273,0.2727272727272727,36.681602001190186
13,30,300,5,0.2,1.0,314.5963029770208,adversarial,11.046079386275544,0.03511191734215131,15,3.0,"[3, 4, 7, 9, 11, 13, 18, 22, 23, 27, 29]",11,0.0,0.0,1.0,0.7272727272727273,0.2727272727272727,36.26504182815552
13,30,300,5,0.2,1.0,314.5963029770208,adversarial,16.78905848237814,0.0533669923120631,15,3.0,"[3, 4, 7, 9, 11, 13, 18, 22, 23, 27, 29]",11,0.0,0.0,1.0,0.7272727272727273,0.2727272727272727,36.04849982261658
13,30,300,5,0.2,1.0,314.5963029770208,adversarial,25.517876059711504,0.08111308307896872,15,3.0,"[3, 4, 7, 9, 11, 13, 18, 22, 23, 27, 29]",11,0.0,0.0,1.0,0.7272727272727273,0.2727272727272727,35.92815923690796
13,30,300,5,0.2,1.0,314.5963029770208,adversarial,38.784902636574834,0.12328467394420659,15,3.0,"[3, 4, 7, 9, 11, 13, 18, 22, 23, 27, 29]",11,0.0,0.0,1.0,0.7272727272727273,0.2727272727272727,35.788207054138184
13,30,300,5,0.2,1.0,314.5963029770208,adversarial,58.94960336858057,0.1873817422860384,15,3.0,"[3, 4, 7, 9, 11, 13, 18, 22, 23, 27, 29]",11,0.0,0.0,1.0,0.7272727272727273,0.2727272727272727,35.811923027038574
13,30,300,5,0.2,1.0,314.5963029770208,adversarial,89.59815549558522,0.2848035868435802,15,3.0,"[3, 4, 7, 9, 11, 13, 18, 22, 23, 27, 29]",11,0.0,0.0,1.0,0.7272727272727273,0.2727272727272727,36.1563081741333
13,30,300,5,0.2,1.0,314.5963029770208,adversarial,136.1812295498803,0.43287612810830595,15,3.0,"[3, 4, 7, 9, 11, 13, 18, 22, 23, 27, 29]",11,0.0,0.0,1.0,0.7272727272727273,0.2727272727272727,36.10017991065979
13,30,300,5,0.2,1.0,314.5963029770208,adversarial,206.9833600830206,0.6579332246575682,15,3.0,"[3, 4, 7, 9, 11, 13, 18, 22, 23, 27, 29]",11,0.0,0.0,1.0,0.7272727272727273,0.2727272727272727,36.440722942352295
13,30,300,5,0.2,1.0,314.5963029770208,adversarial,314.5963029770208,1.0,15,3.0,"[3, 4, 7, 9, 11, 13, 18, 22, 23, 27, 29]",11,0.0,0.0,1.0,0.7272727272727273,0.2727272727272727,36.07109308242798
13,30,300,5,0.2,1.0,314.5963029770208,adversarial,677.7771884894744,2.154434690031884,15,3.0,"[3, 4, 7, 9, 11, 13, 18, 22, 23, 27, 29]",11,0.0,0.0,1.0,0.7272727272727273,0.2727272727272727,36.25055932998657
13,30,300,5,0.2,1.0,314.5963029770208,adversarial,1460.2266869940022,4.641588833612778,15,3.0,"[3, 4, 7, 9, 11, 13, 18, 22, 23, 27, 29]",11,0.0,0.0,1.0,0.7272727272727273,0.2727272727272727,35.93221402168274
13,30,300,5,0.2,1.0,314.5963029770208,adversarial,3145.963029770208,10.0,15,3.0,"[3, 4, 7, 9, 11, 13, 18, 22, 23, 27, 29]",11,0.0,0.0,1.0,0.7272727272727273,0.2727272727272727,36.59572410583496
13,30,300,5,0.2,1.0,314.5963029770208,pc,0.0,0.0,15,3.0,"[0, 3, 6, 10, 11, 13, 17, 18, 19, 24, 26]",11,1.0,0.45454545454545453,0.5454545454545454,0.9090909090909091,0.09090909090909091,36.83933210372925
13,30,300,5,0.2,1.0,314.5963029770208,pc,3.145963029770208,0.01,15,3.0,"[0, 3, 5, 6, 10, 13, 17, 18, 19, 22, 24, 26, 27]",13,1.0,0.38461538461538464,0.6153846153846154,0.8461538461538461,0.15384615384615385,33.076656341552734
13,30,300,5,0.2,1.0,314.5963029770208,pc,4.78158407550793,0.01519911082952934,15,3.0,"[0, 3, 5, 6, 10, 13, 17, 18, 19, 22, 24, 26, 27]",13,1.0,0.38461538461538464,0.6153846153846154,0.8461538461538461,0.15384615384615385,33.85501408576965
13,30,300,5,0.2,1.0,314.5963029770208,pc,7.267582630435761,0.023101297000831605,15,3.0,"[0, 3, 5, 6, 10, 13, 17, 18, 19, 22, 24, 26, 27]",13,1.0,0.38461538461538464,0.6153846153846154,0.8461538461538461,0.15384615384615385,33.710278034210205
13,30,300,5,0.2,1.0,314.5963029770208,pc,11.046079386275544,0.03511191734215131,15,3.0,"[0, 3, 5, 6, 10, 13, 17, 18, 19, 22, 24, 26, 27]",13,1.0,0.38461538461538464,0.6153846153846154,0.8461538461538461,0.15384615384615385,34.0732638835907
13,30,300,5,0.2,1.0,314.5963029770208,pc,16.78905848237814,0.0533669923120631,15,3.0,"[0, 3, 5, 6, 10, 13, 17, 18, 19, 22, 24, 26, 27]",13,1.0,0.38461538461538464,0.6153846153846154,0.8461538461538461,0.15384615384615385,33.55138087272644
13,30,300,5,0.2,1.0,314.5963029770208,pc,25.517876059711504,0.08111308307896872,15,3.0,"[0, 3, 5, 6, 10, 13, 17, 18, 19, 22, 24, 26, 27]",13,1.0,0.38461538461538464,0.6153846153846154,0.8461538461538461,0.15384615384615385,34.4412522315979
13,30,300,5,0.2,1.0,314.5963029770208,pc,38.784902636574834,0.12328467394420659,15,3.0,"[0, 3, 5, 6, 10, 11, 13, 16, 18, 19, 22, 24, 27]",13,0.6,0.23076923076923078,0.7692307692307693,0.8461538461538461,0.15384615384615385,33.77406311035156
13,30,300,5,0.2,1.0,314.5963029770208,pc,58.94960336858057,0.1873817422860384,15,3.0,"[0, 3, 5, 6, 10, 11, 13, 16, 18, 19, 22, 24, 27]",13,0.6,0.23076923076923078,0.7692307692307693,0.8461538461538461,0.15384615384615385,34.63871192932129
13,30,300,5,0.2,1.0,314.5963029770208,pc,89.59815549558522,0.2848035868435802,15,3.0,"[0, 3, 5, 6, 10, 11, 13, 16, 18, 19, 22, 24, 27]",13,0.6,0.23076923076923078,0.7692307692307693,0.8461538461538461,0.15384615384615385,34.77085280418396
13,30,300,5,0.2,1.0,314.5963029770208,pc,136.1812295498803,0.43287612810830595,15,3.0,"[0, 3, 5, 6, 10, 11, 13, 16, 18, 19, 22, 24, 27]",13,0.6,0.23076923076923078,0.7692307692307693,0.8461538461538461,0.15384615384615385,34.69404697418213
13,30,300,5,0.2,1.0,314.5963029770208,pc,206.9833600830206,0.6579332246575682,15,3.0,"[0, 3, 5, 6, 10, 11, 13, 16, 18, 19, 22, 24, 27]",13,0.6,0.23076923076923078,0.7692307692307693,0.8461538461538461,0.15384615384615385,34.70832896232605
13,30,300,5,0.2,1.0,314.5963029770208,pc,314.5963029770208,1.0,15,3.0,"[0, 3, 5, 6, 10, 11, 13, 16, 18, 19, 22, 24, 27]",13,0.6,0.23076923076923078,0.7692307692307693,0.8461538461538461,0.15384615384615385,34.767839193344116
13,30,300,5,0.2,1.0,314.5963029770208,pc,677.7771884894744,2.154434690031884,15,3.0,"[0, 3, 5, 6, 10, 11, 13, 16, 18, 19, 22, 24, 27]",13,0.6,0.23076923076923078,0.7692307692307693,0.8461538461538461,0.15384615384615385,34.483689069747925
13,30,300,5,0.2,1.0,314.5963029770208,pc,1460.2266869940022,4.641588833612778,15,3.0,"[0, 3, 5, 6, 10, 11, 13, 16, 18, 19, 22, 24, 27]",13,0.6,0.23076923076923078,0.7692307692307693,0.8461538461538461,0.15384615384615385,34.73654127120972
13,30,300,5,0.2,1.0,314.5963029770208,pc,3145.963029770208,10.0,15,3.0,"[0, 3, 5, 6, 10, 11, 13, 16, 18, 19, 22, 24, 27]",13,0.6,0.23076923076923078,0.7692307692307693,0.8461538461538461,0.15384615384615385,34.995160818099976
13,30,300,5,0.2,1.0,314.5963029770208,ges,0.0,0.0,15,3.0,"[0, 3, 6, 10, 11, 13, 17, 18, 19, 24, 26]",11,1.0,0.45454545454545453,0.5454545454545454,0.9090909090909091,0.09090909090909091,37.45556020736694
13,30,300,5,0.2,1.0,314.5963029770208,ges,3.145963029770208,0.01,15,3.0,"[2, 5, 6, 10, 13, 17, 18, 22, 24, 26, 27]",11,1.0,0.45454545454545453,0.5454545454545454,0.9090909090909091,0.09090909090909091,36.94454884529114
13,30,300,5,0.2,1.0,314.5963029770208,ges,4.78158407550793,0.01519911082952934,15,3.0,"[4, 5, 6, 10, 17, 18, 22, 24, 26, 27]",10,1.0,0.5,0.5,0.9,0.1,38.23162126541138
13,30,300,5,0.2,1.0,314.5963029770208,ges,7.267582630435761,0.023101297000831605,15,3.0,"[4, 5, 6, 10, 17, 18, 22, 24, 26, 27]",10,1.0,0.5,0.5,0.9,0.1,38.22873067855835
13,30,300,5,0.2,1.0,314.5963029770208,ges,11.046079386275544,0.03511191734215131,15,3.0,"[4, 5, 6, 10, 17, 18, 22, 24, 26, 27]",10,1.0,0.5,0.5,0.9,0.1,36.68384599685669
13,30,300,5,0.2,1.0,314.5963029770208,ges,16.78905848237814,0.0533669923120631,15,3.0,"[4, 5, 6, 10, 17, 18, 22, 24, 26, 27]",10,1.0,0.5,0.5,0.9,0.1,36.22305679321289
13,30,300,5,0.2,1.0,314.5963029770208,ges,25.517876059711504,0.08111308307896872,15,3.0,"[5, 6, 10, 13, 17, 18, 22, 24, 26, 27]",10,1.0,0.5,0.5,0.9,0.1,35.36892008781433
13,30,300,5,0.2,1.0,314.5963029770208,ges,38.784902636574834,0.12328467394420659,15,3.0,"[5, 6, 10, 13, 17, 18, 22, 24, 26, 27]",10,1.0,0.5,0.5,0.9,0.1,33.89822697639465
13,30,300,5,0.2,1.0,314.5963029770208,ges,58.94960336858057,0.1873817422860384,15,3.0,"[5, 6, 10, 13, 17, 18, 22, 24, 26, 27]",10,1.0,0.5,0.5,0.9,0.1,33.437625885009766
13,30,300,5,0.2,1.0,314.5963029770208,ges,89.59815549558522,0.2848035868435802,15,3.0,"[5, 6, 10, 13, 17, 18, 22, 24, 26, 27]",10,1.0,0.5,0.5,0.9,0.1,32.31740093231201
13,30,300,5,0.2,1.0,314.5963029770208,ges,136.1812295498803,0.43287612810830595,15,3.0,"[5, 6, 10, 13, 17, 18, 22, 24, 26, 27]",10,1.0,0.5,0.5,0.9,0.1,32.24790716171265
13,30,300,5,0.2,1.0,314.5963029770208,ges,206.9833600830206,0.6579332246575682,15,3.0,"[5, 6, 10, 13, 17, 18, 22, 24, 26, 27]",10,1.0,0.5,0.5,0.9,0.1,31.604547023773193
13,30,300,5,0.2,1.0,314.5963029770208,ges,314.5963029770208,1.0,15,3.0,"[5, 6, 10, 13, 17, 18, 22, 24, 26, 27]",10,1.0,0.5,0.5,0.9,0.1,31.443732976913452
13,30,300,5,0.2,1.0,314.5963029770208,ges,677.7771884894744,2.154434690031884,15,3.0,"[4, 5, 6, 10, 17, 18, 22, 24, 26, 27]",10,1.0,0.5,0.5,0.9,0.1,30.849026918411255
13,30,300,5,0.2,1.0,314.5963029770208,ges,1460.2266869940022,4.641588833612778,15,3.0,"[4, 5, 6, 10, 17, 18, 22, 24, 26, 27]",10,1.0,0.5,0.5,0.9,0.1,30.910953998565674
13,30,300,5,0.2,1.0,314.5963029770208,ges,3145.963029770208,10.0,15,3.0,"[4, 5, 6, 10, 17, 18, 22, 24, 26, 27]",10,1.0,0.5,0.5,0.9,0.1,29.755737781524658
13,30,300,5,0.2,1.0,314.5963029770208,iamb,0.0,0.0,15,3.0,"[0, 3, 6, 10, 11, 13, 17, 18, 19, 24, 26]",11,1.0,0.45454545454545453,0.5454545454545454,0.9090909090909091,0.09090909090909091,26.70454978942871
13,30,300,5,0.2,1.0,314.5963029770208,iamb,3.145963029770208,0.01,15,3.0,"[3, 6, 10, 11, 13, 17, 18, 19, 22, 23, 24, 26]",12,1.0,0.4166666666666667,0.5833333333333334,0.8333333333333334,0.16666666666666666,24.23992896080017
13,30,300,5,0.2,1.0,314.5963029770208,iamb,4.78158407550793,0.01519911082952934,15,3.0,"[3, 6, 10, 11, 13, 17, 18, 19, 22, 23, 24, 26]",12,1.0,0.4166666666666667,0.5833333333333334,0.8333333333333334,0.16666666666666666,25.102380752563477
13,30,300,5,0.2,1.0,314.5963029770208,iamb,7.267582630435761,0.023101297000831605,15,3.0,"[2, 3, 6, 10, 13, 17, 18, 19, 22, 23, 24, 26]",12,1.0,0.4166666666666667,0.5833333333333334,0.8333333333333334,0.16666666666666666,25.957876920700073
13,30,300,5,0.2,1.0,314.5963029770208,iamb,11.046079386275544,0.03511191734215131,15,3.0,"[2, 3, 6, 10, 13, 17, 18, 19, 22, 23, 24, 26]",12,1.0,0.4166666666666667,0.5833333333333334,0.8333333333333334,0.16666666666666666,24.616981983184814
13,30,300,5,0.2,1.0,314.5963029770208,iamb,16.78905848237814,0.0533669923120631,15,3.0,"[3, 6, 10, 13, 17, 18, 24, 26]",8,1.0,0.625,0.375,1.0,0.0,26.8249568939209
13,30,300,5,0.2,1.0,314.5963029770208,iamb,25.517876059711504,0.08111308307896872,15,3.0,"[2, 3, 6, 10, 13, 17, 18, 19, 22, 24, 26]",11,1.0,0.45454545454545453,0.5454545454545454,0.8181818181818182,0.18181818181818182,26.364386081695557
13,30,300,5,0.2,1.0,314.5963029770208,iamb,38.784902636574834,0.12328467394420659,15,3.0,"[2, 3, 6, 10, 13, 17, 18, 19, 22, 24, 26]",11,1.0,0.45454545454545453,0.5454545454545454,0.8181818181818182,0.18181818181818182,26.822325944900513
13,30,300,5,0.2,1.0,314.5963029770208,iamb,58.94960336858057,0.1873817422860384,15,3.0,"[3, 6, 10, 13, 17, 18, 24, 26]",8,1.0,0.625,0.375,1.0,0.0,26.86120891571045
13,30,300,5,0.2,1.0,314.5963029770208,iamb,89.59815549558522,0.2848035868435802,15,3.0,"[3, 6, 10, 13, 17, 18, 24, 26]",8,1.0,0.625,0.375,1.0,0.0,27.629553079605103
13,30,300,5,0.2,1.0,314.5963029770208,iamb,136.1812295498803,0.43287612810830595,15,3.0,"[3, 6, 10, 13, 16, 17, 18, 24, 26]",9,1.0,0.5555555555555556,0.4444444444444444,1.0,0.0,27.84431004524231
13,30,300,5,0.2,1.0,314.5963029770208,iamb,206.9833600830206,0.6579332246575682,15,3.0,"[3, 6, 10, 13, 16, 17, 18, 24, 26]",9,1.0,0.5555555555555556,0.4444444444444444,1.0,0.0,27.57535219192505
13,30,300,5,0.2,1.0,314.5963029770208,iamb,314.5963029770208,1.0,15,3.0,"[3, 6, 10, 13, 16, 17, 18, 24, 26]",9,1.0,0.5555555555555556,0.4444444444444444,1.0,0.0,27.746641159057617
13,30,300,5,0.2,1.0,314.5963029770208,iamb,677.7771884894744,2.154434690031884,15,3.0,"[3, 6, 10, 13, 16, 17, 18, 24, 26]",9,1.0,0.5555555555555556,0.4444444444444444,1.0,0.0,27.859314918518066
13,30,300,5,0.2,1.0,314.5963029770208,iamb,1460.2266869940022,4.641588833612778,15,3.0,"[3, 6, 10, 13, 16, 17, 18, 24, 26]",9,1.0,0.5555555555555556,0.4444444444444444,1.0,0.0,27.95491623878479
13,30,300,5,0.2,1.0,314.5963029770208,iamb,3145.963029770208,10.0,15,3.0,"[3, 6, 10, 13, 16, 17, 18, 24, 26]",9,1.0,0.5555555555555556,0.4444444444444444,1.0,0.0,27.69661593437195
13,30,300,5,0.2,1.0,314.5963029770208,bootstrap_l1,0.0,0.0,15,3.0,"[0, 3, 6, 10, 11, 13, 17, 18, 19, 24, 26]",11,1.0,0.45454545454545453,0.5454545454545454,0.9090909090909091,0.09090909090909091,26.623631954193115
13,30,300,5,0.2,1.0,314.5963029770208,bootstrap_l1,3.145963029770208,0.01,15,3.0,"[0, 3, 6, 10, 11, 13, 18, 19, 22, 24]",10,0.6,0.3,0.7,0.8,0.2,27.38763189315796
13,30,300,5,0.2,1.0,314.5963029770208,bootstrap_l1,4.78158407550793,0.01519911082952934,15,3.0,"[0, 3, 6, 10, 11, 13, 18, 19, 22, 24]",10,0.6,0.3,0.7,0.8,0.2,27.83400821685791
13,30,300,5,0.2,1.0,314.5963029770208,bootstrap_l1,7.267582630435761,0.023101297000831605,15,3.0,"[0, 3, 6, 10, 11, 13, 18, 19, 22, 24]",10,0.6,0.3,0.7,0.8,0.2,28.002073049545288
13,30,300,5,0.2,1.0,314.5963029770208,bootstrap_l1,11.046079386275544,0.03511191734215131,15,3.0,"[0, 3, 5, 6, 10, 11, 13, 18, 19, 22, 24]",11,0.6,0.2727272727272727,0.7272727272727273,0.8181818181818182,0.18181818181818182,28.19854998588562
13,30,300,5,0.2,1.0,314.5963029770208,bootstrap_l1,16.78905848237814,0.0533669923120631,15,3.0,"[0, 3, 5, 6, 10, 11, 13, 18, 19, 22, 24]",11,0.6,0.2727272727272727,0.7272727272727273,0.8181818181818182,0.18181818181818182,28.0839421749115
13,30,300,5,0.2,1.0,314.5963029770208,bootstrap_l1,25.517876059711504,0.08111308307896872,15,3.0,"[0, 3, 5, 6, 10, 11, 13, 18, 19, 22, 24]",11,0.6,0.2727272727272727,0.7272727272727273,0.8181818181818182,0.18181818181818182,28.127151012420654
13,30,300,5,0.2,1.0,314.5963029770208,bootstrap_l1,38.784902636574834,0.12328467394420659,15,3.0,"[0, 3, 5, 6, 10, 11, 13, 18, 19, 22, 24]",11,0.6,0.2727272727272727,0.7272727272727273,0.8181818181818182,0.18181818181818182,28.32108783721924
13,30,300,5,0.2,1.0,314.5963029770208,bootstrap_l1,58.94960336858057,0.1873817422860384,15,3.0,"[0, 3, 5, 6, 10, 11, 13, 18, 19, 22, 24]",11,0.6,0.2727272727272727,0.7272727272727273,0.8181818181818182,0.18181818181818182,28.474857091903687
13,30,300,5,0.2,1.0,314.5963029770208,bootstrap_l1,89.59815549558522,0.2848035868435802,15,3.0,"[0, 3, 5, 6, 10, 11, 13, 18, 19, 22, 24]",11,0.6,0.2727272727272727,0.7272727272727273,0.8181818181818182,0.18181818181818182,28.451844215393066
13,30,300,5,0.2,1.0,314.5963029770208,bootstrap_l1,136.1812295498803,0.43287612810830595,15,3.0,"[0, 3, 5, 6, 10, 11, 13, 18, 19, 22, 24]",11,0.6,0.2727272727272727,0.7272727272727273,0.8181818181818182,0.18181818181818182,28.434112071990967
13,30,300,5,0.2,1.0,314.5963029770208,bootstrap_l1,206.9833600830206,0.6579332246575682,15,3.0,"[0, 3, 5, 6, 10, 11, 13, 18, 19, 22, 24]",11,0.6,0.2727272727272727,0.7272727272727273,0.8181818181818182,0.18181818181818182,28.72933292388916
13,30,300,5,0.2,1.0,314.5963029770208,bootstrap_l1,314.5963029770208,1.0,15,3.0,"[0, 3, 5, 6, 10, 11, 13, 18, 19, 22, 24]",11,0.6,0.2727272727272727,0.7272727272727273,0.8181818181818182,0.18181818181818182,28.746007919311523
13,30,300,5,0.2,1.0,314.5963029770208,bootstrap_l1,677.7771884894744,2.154434690031884,15,3.0,"[0, 3, 5, 6, 10, 11, 13, 18, 19, 22, 24]",11,0.6,0.2727272727272727,0.7272727272727273,0.8181818181818182,0.18181818181818182,28.70687699317932
13,30,300,5,0.2,1.0,314.5963029770208,bootstrap_l1,1460.2266869940022,4.641588833612778,15,3.0,"[0, 3, 5, 6, 10, 11, 13, 18, 19, 22, 24]",11,0.6,0.2727272727272727,0.7272727272727273,0.8181818181818182,0.18181818181818182,28.755139112472534
13,30,300,5,0.2,1.0,314.5963029770208,bootstrap_l1,3145.963029770208,10.0,15,3.0,"[0, 3, 5, 6, 10, 11, 13, 18, 19, 22, 24]",11,0.6,0.2727272727272727,0.7272727272727273,0.8181818181818182,0.18181818181818182,28.83374834060669
